================================================================================
CHECK A: lens integrity (both lenses; layers, d_model, finiteness)
================================================================================
  PASS   [1.5b] J layer count == 27   expected=27   actual=27
  PASS   [1.5b] source_layers == 0..26   expected=[0, 1, 2, 3, 4, 5, 6, 7, 8, 9, 10, 11, 12, 13, 14, 15, 16, 17, 18, 19, 20, 21, 22, 23, 24, 25, 26]   actual=[0, 1, 2, 3, 4, 5, 6, 7, 8, 9, 10, 11, 12, 13, 14, 15, 16, 17, 18, 19, 20, 21, 22, 23, 24, 25, 26]
  PASS   [1.5b] J keys == source_layers   expected=[0, 1, 2, 3, 4, 5, 6, 7, 8, 9, 10, 11, 12, 13, 14, 15, 16, 17, 18, 19, 20, 21, 22, 23, 24, 25, 26]   actual=[0, 1, 2, 3, 4, 5, 6, 7, 8, 9, 10, 11, 12, 13, 14, 15, 16, 17, 18, 19, 20, 21, 22, 23, 24, 25, 26]
  PASS   [1.5b] d_model   expected=1536   actual=1536
  PASS   [1.5b] n_prompts == 100   expected=100   actual=100
  PASS   [1.5b] every J_l is (d_model, d_model)   expected='((1536, 1536) x27)'   actual='all match'
  PASS   [1.5b] all J tensors finite   expected='all finite'   actual='all finite'
  PASS   [1.5b] min per-layer Frobenius norm > 0   expected='> 0'   actual=27.642
  PASS   [1.5b] sidecar model   expected='Qwen/Qwen2.5-1.5B-Instruct'   actual='Qwen/Qwen2.5-1.5B-Instruct'
  PASS   [1.5b] sidecar mode   expected='bf16'   actual='bf16'
  PASS   [1.5b] sidecar n_prompts   expected=100   actual=100
  PASS   [1.5b] n_prompts sidecar-vs-tensor consistent   expected=100   actual=100
  PASS   [7b] J layer count == 27   expected=27   actual=27
  PASS   [7b] source_layers == 0..26   expected=[0, 1, 2, 3, 4, 5, 6, 7, 8, 9, 10, 11, 12, 13, 14, 15, 16, 17, 18, 19, 20, 21, 22, 23, 24, 25, 26]   actual=[0, 1, 2, 3, 4, 5, 6, 7, 8, 9, 10, 11, 12, 13, 14, 15, 16, 17, 18, 19, 20, 21, 22, 23, 24, 25, 26]
  PASS   [7b] J keys == source_layers   expected=[0, 1, 2, 3, 4, 5, 6, 7, 8, 9, 10, 11, 12, 13, 14, 15, 16, 17, 18, 19, 20, 21, 22, 23, 24, 25, 26]   actual=[0, 1, 2, 3, 4, 5, 6, 7, 8, 9, 10, 11, 12, 13, 14, 15, 16, 17, 18, 19, 20, 21, 22, 23, 24, 25, 26]
  PASS   [7b] d_model   expected=3584   actual=3584
  PASS   [7b] n_prompts == 100   expected=100   actual=100
  PASS   [7b] every J_l is (d_model, d_model)   expected='((3584, 3584) x27)'   actual='all match'
  PASS   [7b] all J tensors finite   expected='all finite'   actual='all finite'
  PASS   [7b] min per-layer Frobenius norm > 0   expected='> 0'   actual=51.58
  PASS   [7b] sidecar model   expected='Qwen/Qwen2.5-7B-Instruct'   actual='Qwen/Qwen2.5-7B-Instruct'
  PASS   [7b] sidecar mode   expected='nf4'   actual='nf4'
  PASS   [7b] sidecar n_prompts   expected=100   actual=100
  PASS   [7b] n_prompts sidecar-vs-tensor consistent   expected=100   actual=100

================================================================================
CHECK B: eval tables (intermediate-concept rates + counts)
================================================================================
  PASS   [1.5b] multihop n_items   expected=93   actual=93
  PASS   [1.5b] multihop n_instances   expected=103   actual=103
  PASS   [1.5b] multihop n_inexact_token   expected=9   actual=9
  PASS   [1.5b] multihop J@10 early   expected=0.2   actual=0.2039
  PASS   [1.5b] multihop J@50 early   expected=0.2   actual=0.2039
  PASS   [1.5b] multihop logit@10 early   expected=0.0   actual=0.0
  PASS   [1.5b] multihop logit@50 early   expected=0.0   actual=0.0
  PASS   [1.5b] multihop J@10 mid   expected=0.13   actual=0.1262
  PASS   [1.5b] multihop J@50 mid   expected=0.24   actual=0.2427
  PASS   [1.5b] multihop logit@10 mid   expected=0.0   actual=0.0
  PASS   [1.5b] multihop logit@50 mid   expected=0.0   actual=0.0
  PASS   [1.5b] multihop J@10 late   expected=0.5   actual=0.4951
  PASS   [1.5b] multihop J@50 late   expected=0.65   actual=0.6505
  PASS   [1.5b] multihop logit@10 late   expected=0.4   actual=0.3981
  PASS   [1.5b] multihop logit@50 late   expected=0.64   actual=0.6408
  PASS   [1.5b] multihop J@10 overall   expected=0.58   actual=0.5825
  PASS   [1.5b] multihop J@50 overall   expected=0.74   actual=0.7379
  PASS   [1.5b] multihop logit@10 overall   expected=0.4   actual=0.3981
  PASS   [1.5b] multihop logit@50 overall   expected=0.64   actual=0.6408
  PASS   [1.5b] association n_instances   expected=102   actual=102
  PASS   [1.5b] association n_inexact_token   expected=3   actual=3
  PASS   [1.5b] association J@10 overall   expected=0.0   actual=0.0
  PASS   [1.5b] association J@50 overall   expected=0.02   actual=0.0196
  PASS   [1.5b] association logit@10 overall   expected=0.01   actual=0.0098
  PASS   [1.5b] association logit@50 overall   expected=0.02   actual=0.0196
  PASS   [7b] multihop n_items   expected=93   actual=93
  PASS   [7b] multihop n_instances   expected=103   actual=103
  PASS   [7b] multihop n_inexact_token   expected=9   actual=9
  PASS   [7b] multihop J@10 early   expected=0.09   actual=0.0874
  PASS   [7b] multihop logit@10 early   expected=0.01   actual=0.0097
  PASS   [7b] multihop J@10 mid   expected=0.07   actual=0.068
  PASS   [7b] multihop logit@10 mid   expected=0.01   actual=0.0097
  PASS   [7b] multihop J@10 late   expected=0.45   actual=0.4466
  PASS   [7b] multihop logit@10 late   expected=0.35   actual=0.3495
  PASS   [7b] multihop J@10 overall   expected=0.53   actual=0.534
  PASS   [7b] multihop logit@10 overall   expected=0.36   actual=0.3592
  PASS   [7b] association n_instances   expected=102   actual=102
  PASS   [7b] association n_inexact_token   expected=3   actual=3
  PASS   [7b] association J@10 overall   expected=0.01   actual=0.0098
  PASS   [7b] association J@50 overall   expected=0.07   actual=0.0686

================================================================================
CHECK C: readout scan (depth-of-emergence + Spearman crossover)
================================================================================
  PASS   [7b] median_layer_j_allpos rederived==stored   expected=22.0   actual=22.0
  PASS   [7b] median_layer_l_allpos rederived==stored   expected=24.0   actual=24.0
  PASS   [7b] median_layer_j_lastpos rederived==stored   expected=22.0   actual=22.0
  PASS   [7b] median_layer_l_lastpos rederived==stored   expected=26.0   actual=26.0
  PASS   [7b] n_never_emerged_j_allpos rederived==stored   expected=14   actual=14
  PASS   [7b] n_never_emerged_l_allpos rederived==stored   expected=8   actual=8
  PASS   [7b] median J-lens all-pos (obs)   expected=22.0   actual=22.0
  PASS   [7b] median logit all-pos (obs)   expected=24.0   actual=24.0
  PASS   [7b] median J-lens last-pos (obs)   expected=22.0   actual=22.0
  PASS   [7b] median logit last-pos (obs)   expected=26.0   actual=26.0
  PASS   [7b] never-emerged J (obs)   expected=14   actual=14
  PASS   [7b] never-emerged logit (obs)   expected=8   actual=8
  PASS   [7b] layer-26 Spearman J-last   expected=0.7632   actual=0.7632
  PASS   [7b] layer-26 Spearman logit-last   expected=0.6952   actual=0.6952
  PASS   [7b] layer-26 J-lens Spearman > logit (crossover)   expected='J > logit'   actual='0.7632 vs 0.6952'
  PASS   [1.5b] median_layer_j_allpos rederived==stored   expected=23.0   actual=23.0
  PASS   [1.5b] median_layer_l_allpos rederived==stored   expected=19.0   actual=19.0
  PASS   [1.5b] median_layer_j_lastpos rederived==stored   expected=20.0   actual=20.0
  PASS   [1.5b] median_layer_l_lastpos rederived==stored   expected=19.5   actual=19.5
  PASS   [1.5b] n_never_emerged_j_allpos rederived==stored   expected=16   actual=16
  PASS   [1.5b] n_never_emerged_l_allpos rederived==stored   expected=1   actual=1
  PASS   [1.5b] median J-lens all-pos (obs)   expected=23.0   actual=23.0
  PASS   [1.5b] median logit all-pos (obs)   expected=19.0   actual=19.0
  PASS   [1.5b] median J-lens last-pos (obs)   expected=20.0   actual=20.0
  PASS   [1.5b] median logit last-pos (obs)   expected=19.5   actual=19.5
  PASS   [1.5b] never-emerged J (obs)   expected=16   actual=16
  PASS   [1.5b] never-emerged logit (obs)   expected=1   actual=1
  PASS   [1.5b] layer-4 Spearman J-last   expected=0.099   actual=0.0991
  PASS   [1.5b] layer-4 Spearman logit-last   expected=0.377   actual=0.3766
  PASS   [1.5b] layer-12 Spearman J-last   expected=0.345   actual=0.3446
  PASS   [1.5b] layer-12 Spearman logit-last   expected=0.467   actual=0.4665
  PASS   [1.5b] layer-20 Spearman J-last   expected=0.408   actual=0.4081
  PASS   [1.5b] layer-20 Spearman logit-last   expected=0.548   actual=0.5483
  PASS   [1.5b] layer-24 Spearman J-last   expected=0.667   actual=0.6666
  PASS   [1.5b] layer-24 Spearman logit-last   expected=0.714   actual=0.7143
  PASS   [1.5b] layer-26 Spearman J-last   expected=0.8   actual=0.8003
  PASS   [1.5b] layer-26 Spearman logit-last   expected=0.861   actual=0.8617

================================================================================
CHECK D: structure scan (stage-4 J-space depth map)
================================================================================
  PASS   [1.5b] structure ks == [5,10,25,50]   expected=[5, 10, 25, 50]   actual=[5, 10, 25, 50]
  PASS   [1.5b] structure n_prompts == 30   expected=30   actual=30
  PASS   [1.5b] structure layers == 0..26   expected=[0, 1, 2, 3, 4, 5, 6, 7, 8, 9, 10, 11, 12, 13, 14, 15, 16, 17, 18, 19, 20, 21, 22, 23, 24, 25, 26]   actual=[0, 1, 2, 3, 4, 5, 6, 7, 8, 9, 10, 11, 12, 13, 14, 15, 16, 17, 18, 19, 20, 21, 22, 23, 24, 25, 26]
  PASS   [1.5b] all mean_varfrac finite & in [0,1]   expected='in [0,1] finite'   actual='ok'
  PASS   [1.5b] all per-prompt varfrac finite & in [0,1]   expected='in [0,1] finite'   actual='ok'
  PASS   [1.5b] varfrac(k25) peak layer == 21   expected=21   actual=21
  PASS   [1.5b] varfrac(k25) peak value   expected=0.124   actual=0.1237
  PASS   [1.5b] varfrac(k25) layer-0   expected=0.082   actual=0.0818
  PASS   [1.5b] varfrac(k25) final layer   expected=0.068   actual=0.068
  PASS   [1.5b] varfrac(k25) obs-table L0   expected=0.082   actual=0.0818
  PASS   [1.5b] varfrac(k25) obs-table L5   expected=0.073   actual=0.073
  PASS   [1.5b] varfrac(k25) obs-table L9   expected=0.082   actual=0.0815
  PASS   [1.5b] varfrac(k25) obs-table L13   expected=0.07   actual=0.0697
  PASS   [1.5b] varfrac(k25) obs-table L17   expected=0.084   actual=0.0842
  PASS   [1.5b] varfrac(k25) obs-table L18   expected=0.094   actual=0.0936
  PASS   [1.5b] varfrac(k25) obs-table L21   expected=0.124   actual=0.1237
  PASS   [1.5b] varfrac(k25) obs-table L22   expected=0.114   actual=0.1142
  PASS   [1.5b] varfrac(k25) obs-table L24   expected=0.098   actual=0.0981
  PASS   [1.5b] varfrac(k25) obs-table L26   expected=0.068   actual=0.068
  PASS   [1.5b] active_mean(k25) in [23,25] all layers   expected='[23,25]'   actual='[23.544,24.907]'
  PASS   [1.5b] logit-kurt layer-0   expected=4.648   actual=4.6479
  PASS   [1.5b] logit-kurt trough layer == 18   expected=18   actual=18
  PASS   [1.5b] logit-kurt trough value   expected=0.926   actual=0.9258
  PASS   [7b] structure ks == [5,10,25,50]   expected=[5, 10, 25, 50]   actual=[5, 10, 25, 50]
  PASS   [7b] structure n_prompts == 30   expected=30   actual=30
  PASS   [7b] structure layers == 0..26   expected=[0, 1, 2, 3, 4, 5, 6, 7, 8, 9, 10, 11, 12, 13, 14, 15, 16, 17, 18, 19, 20, 21, 22, 23, 24, 25, 26]   actual=[0, 1, 2, 3, 4, 5, 6, 7, 8, 9, 10, 11, 12, 13, 14, 15, 16, 17, 18, 19, 20, 21, 22, 23, 24, 25, 26]
  PASS   [7b] all mean_varfrac finite & in [0,1]   expected='in [0,1] finite'   actual='ok'
  PASS   [7b] all per-prompt varfrac finite & in [0,1]   expected='in [0,1] finite'   actual='ok'
  PASS   [7b] varfrac(k25) trough layer == 17   expected=17   actual=17
  PASS   [7b] varfrac(k25) trough value   expected=0.012   actual=0.0121
  PASS   [7b] varfrac(k25) late-peak layer == 22   expected=22   actual=22
  PASS   [7b] varfrac(k25) late-peak value   expected=0.04   actual=0.0404
  PASS   [7b] varfrac(k25) layer-0   expected=0.031   actual=0.031
  PASS   [7b] varfrac(k25) obs-table L0   expected=0.031   actual=0.031
  PASS   [7b] varfrac(k25) obs-table L5   expected=0.02   actual=0.02
  PASS   [7b] varfrac(k25) obs-table L9   expected=0.019   actual=0.0191
  PASS   [7b] varfrac(k25) obs-table L13   expected=0.018   actual=0.0178
  PASS   [7b] varfrac(k25) obs-table L17   expected=0.012   actual=0.0121
  PASS   [7b] varfrac(k25) obs-table L18   expected=0.02   actual=0.0204
  PASS   [7b] varfrac(k25) obs-table L21   expected=0.034   actual=0.0337
  PASS   [7b] varfrac(k25) obs-table L22   expected=0.04   actual=0.0404
  PASS   [7b] varfrac(k25) obs-table L24   expected=0.036   actual=0.0361
  PASS   [7b] varfrac(k25) obs-table L26   expected=0.034   actual=0.0345
  PASS   [7b] active_mean(k25) in [22,24] all layers   expected='[22,24]'   actual='[22.578,23.526]'
  PASS   [7b] logit-kurt layer-0   expected=3.246   actual=3.2462
  PASS   [7b] logit-kurt trough layer == 19   expected=19   actual=19
  PASS   [7b] logit-kurt trough value   expected=0.868   actual=0.8677

================================================================================
CHECK E: verbal-report swap (stage 5.1; both models)
================================================================================
  PASS   [1.5b] verbal-report n_items == 78   expected=78   actual=78
  PASS   [1.5b] verbal-report layer   expected=21   actual=21
  PASS   [1.5b] every item has 4 conds x strengths {1,2}   expected="['jlens@1.0', 'jlens@2.0', 'logitlens@1.0', 'logitlens@2.0', 'nonjspace@1.0', 'nonjspace@2.0', 'random@1.0', 'random@2.0']"   actual='all match'
  PASS   [1.5b] retained (predicts) subset size   expected=9   actual=9
  PASS   [1.5b] jlens@2.0 top5_all   expected=0.551   actual=0.5513
  PASS   [1.5b] nonjspace@2.0 top5_all   expected=0.269   actual=0.2692
  PASS   [1.5b] random@2.0 top5_all   expected=0.103   actual=0.1026
  PASS   [1.5b] random@1.0 top5_all   expected=0.103   actual=0.1026
  PASS   [1.5b] verbal-report jlens@2 top5_all rederived==summary   expected=0.551282   actual=0.551282
  PASS   [1.5b] ordering jlens > nonjspace > random @2   expected='j > n > r'   actual='0.551 > 0.269 > 0.103'
  PASS   [1.5b] injected-norm spread @1.0 < 0.05   expected='< 0.05'   actual=0.00397
  PASS   [1.5b] injected-norm spread @2.0 < 0.05   expected='< 0.05'   actual=0.00794
  PASS   [7b] verbal-report n_items == 78   expected=78   actual=78
  PASS   [7b] verbal-report layer   expected=22   actual=22
  PASS   [7b] every item has 4 conds x strengths {1,2}   expected="['jlens@1.0', 'jlens@2.0', 'logitlens@1.0', 'logitlens@2.0', 'nonjspace@1.0', 'nonjspace@2.0', 'random@1.0', 'random@2.0']"   actual='all match'
  PASS   [7b] retained (predicts) subset size   expected=12   actual=12
  PASS   [7b] jlens@2.0 top5_all   expected=0.192   actual=0.1923
  PASS   [7b] nonjspace@2.0 top5_all   expected=0.205   actual=0.2051
  PASS   [7b] random@2.0 top5_all   expected=0.154   actual=0.1538
  PASS   [7b] verbal-report jlens@2 top5_all rederived==summary   expected=0.192308   actual=0.192308
  PASS   [7b] cross-condition spread @2 < 0.06   expected='< 0.06'   actual=0.0513
  PASS   [7b] injected-norm spread @1.0 < 0.05   expected='< 0.05'   actual=0.01133
  PASS   [7b] injected-norm spread @2.0 < 0.05   expected='< 0.05'   actual=0.02265

================================================================================
CHECK F: verbal-report swap, stage-5.1b chat + 6 conditions
================================================================================
  PASS   [1.5b] chat_6c n_items == 78   expected=78   actual=78
  PASS   [1.5b] chat_6c layer   expected=21   actual=21
  PASS   [1.5b] every item has 6 conds x strengths {1,2}   expected='12 keys/item'   actual='all match'
  PASS   [1.5b] chat retained (predicts) subset   expected=6   actual=6
  PASS   [1.5b] chat fragment rate (re-derived)   expected=0.192   actual=0.1923
  PASS   [1.5b] chat fragment rate summary==re-derived   expected=0.19230769230769232   actual=0.1923
  PASS   [1.5b] plain fragment rate (re-derived)   expected=0.192   actual=0.1923
  PASS   [1.5b] jlens@2 top5_all   expected=0.628   actual=0.6282
  PASS   [1.5b] logitlens@2 top5_all   expected=0.564   actual=0.5641
  PASS   [1.5b] nonjspace@2 top5_all   expected=0.308   actual=0.3077
  PASS   [1.5b] nonjspace_comp@2 top5_all   expected=0.218   actual=0.2179
  PASS   [1.5b] jspace_comp@2 top5_all   expected=0.179   actual=0.1795
  PASS   [1.5b] random@2 top5_all   expected=0.141   actual=0.141
  PASS   [1.5b] chat-6c jlens@2 top5_all rederived==summary   expected=0.628205   actual=0.628205
  PASS   [1.5b] jspace_comp - random @2 < 0.05 (middle-tier NULL)   expected='< 0.05'   actual=0.0385
  PASS   [1.5b] jlens > logitlens > nonjspace @2   expected='jlens > logitlens > nonjspace'   actual='0.628 > 0.564 > 0.308'
  PASS   [1.5b] J-src injected-norm within 2% of jlens @1.0   expected='< 0.02'   actual=0.00037
  PASS   [1.5b] logitlens injected-norm bounded <100% @1.0 (bf16-exempt)   expected='< 1.0 (exempt)'   actual=0.1767
  PASS   [1.5b] J-src injected-norm within 2% of jlens @2.0   expected='< 0.02'   actual=0.00037
  PASS   [1.5b] logitlens injected-norm bounded <100% @2.0 (bf16-exempt)   expected='< 1.0 (exempt)'   actual=0.1767
  PASS   [7b] chat_6c n_items == 78   expected=78   actual=78
  PASS   [7b] chat_6c layer   expected=22   actual=22
  PASS   [7b] every item has 6 conds x strengths {1,2}   expected='12 keys/item'   actual='all match'
  PASS   [7b] chat retained (predicts) subset   expected=21   actual=21
  PASS   [7b] chat fragment rate (re-derived)   expected=0.192   actual=0.1923
  PASS   [7b] chat fragment rate summary==re-derived   expected=0.19230769230769232   actual=0.1923
  PASS   [7b] plain fragment rate (re-derived)   expected=0.308   actual=0.3077
  PASS   [7b] jlens@2 top5_all   expected=0.269   actual=0.2692
  PASS   [7b] logitlens@2 top5_all   expected=0.244   actual=0.2436
  PASS   [7b] nonjspace@2 top5_all   expected=0.179   actual=0.1795
  PASS   [7b] nonjspace_comp@2 top5_all   expected=0.167   actual=0.1667
  PASS   [7b] jspace_comp@2 top5_all   expected=0.154   actual=0.1538
  PASS   [7b] random@2 top5_all   expected=0.154   actual=0.1538
  PASS   [7b] chat-6c jlens@2 top5_all rederived==summary   expected=0.269231   actual=0.269231
  PASS   [7b] jlens - random @2 > 0.10 (un-confounding)   expected='> 0.10'   actual=0.1154
  PASS   [7b] |jspace_comp - random| @2 < 0.02 (middle-tier NULL)   expected='< 0.02'   actual=0.0
  PASS   [7b] jlens - logitlens @2 < 0.05 (token-steering persists)   expected='< 0.05'   actual=0.0256
  PASS   [7b] J-src injected-norm within 2% of jlens @1.0   expected='< 0.02'   actual=0.00023
  PASS   [7b] logitlens injected-norm bounded <100% @1.0 (bf16-exempt)   expected='< 1.0 (exempt)'   actual=0.7818
  PASS   [7b] J-src injected-norm within 2% of jlens @2.0   expected='< 0.02'   actual=0.00023
  PASS   [7b] logitlens injected-norm bounded <100% @2.0 (bf16-exempt)   expected='< 1.0 (exempt)'   actual=0.7818

================================================================================
CHECK G: NLA cross-tie (stage 6; 7B nf4 J-lens x NLA AV at hidden_states[20])
================================================================================
  PASS   [G] per_prompt count == 25 (24 prompts + 1 control)   expected=25   actual=25
  PASS   [G] jlens_layer == 19   expected=19   actual=19
  PASS   [G] nla_hidden_state == 20   expected=20   actual=20
  PASS   [G] decomp_k == 25   expected=25   actual=25
  PASS   [G] n_neutral == 12   expected=12   actual=12
  PASS   [G] n_concept == 12   expected=12   actual=12
  PASS   [G] n_decomp == 12   expected=12   actual=12
  PASS   [G] vocab == 152064   expected=152064   actual=152064
  PASS   [G] metric1_rank_median_concept   expected=9585.0   actual=9585.0
  PASS   [G] metric1_rank_median_neutral   expected=103412.5   actual=103412.5
  PASS   [G] null_concept_matched_rank_median   expected=9585.0   actual=9585.0
  PASS   [G] null_concept_mismatched_rank_median   expected=16352.75   actual=16352.75
  PASS   [G] null_concept_matched_pctile   expected=0.159   actual=0.1591
  PASS   [G] metric3_jlens_hit_rate   expected=0.333   actual=0.3333
  PASS   [G] metric3_nla_hit_rate   expected=0.917   actual=0.9167
  PASS   [G] metric3_both_hit_rate   expected=0.333   actual=0.3333
  PASS   [G] expB_carrier_component_mean   expected=0.162   actual=0.1618
  PASS   [G] expB_carrier_residual_mean   expected=0.6   actual=0.6005
  PASS   [G] expB_carrier_resctrl_mean   expected=0.606   actual=0.606
  PASS   [G] expB_carrier_randunit_mean   expected=0.075   actual=0.0748
  PASS   [G] expB_carrier_delta_mean ~ 0   expected=0.0   actual=0.0055
  PASS   [G] expB_component_rank_median   expected=75166.75   actual=75166.75
  PASS   [G] concept null separates (mismatched - matched > 5000)   expected='>5000'   actual=6767.75
  PASS   [G] residual carrier > 3x component carrier   expected='>3x (0.162)'   actual=0.6
  PASS   [G] |carrier_delta_mean| < 0.05 (J-space ~ norm-matched random)   expected='<0.05'   actual=0.0055
  PASS   [G] component_rank_median within 5% of chance floor   expected='<5% of 76032'   actual='75166.8 (1.14%)'
  PASS   [G] concept prompts carrying a rank median == 12   expected=12   actual=12
  PASS   [G] metric1_rank_median_concept re-derived from per_prompt raw   expected=9585.0   actual=9585.0
  PASS   [G] readout_fp16 width == vocab   expected=152064   actual=152064
  PASS   [G] readout_fp16 top-1 == persisted topk[0]   expected=2130   actual=2130
  PASS   [G] readout_fp16 top-k overlaps persisted >= 48/50   expected='>=48'   actual=49

================================================================================
CHECK H: n-budget stability (nf4 n=500 refit; H1 exoneration)
================================================================================
  FAIL   artifact present: jlens_qwen2.5-1.5b_nf4_n500.pt   expected='present'   actual='MISSING'   tol=0.0
  FAIL   sidecar present: jlens_qwen2.5-1.5b_nf4_n500.config.json   expected='present'   actual='MISSING'   tol=0.0
  PASS   [1.5b-nf4-n500] structure ks == [5,10,25,50]   expected=[5, 10, 25, 50]   actual=[5, 10, 25, 50]
  PASS   [1.5b-nf4-n500] structure n_prompts == 30   expected=30   actual=30
  PASS   [1.5b-nf4-n500] structure layers == 0..26   expected=[0, 1, 2, 3, 4, 5, 6, 7, 8, 9, 10, 11, 12, 13, 14, 15, 16, 17, 18, 19, 20, 21, 22, 23, 24, 25, 26]   actual=[0, 1, 2, 3, 4, 5, 6, 7, 8, 9, 10, 11, 12, 13, 14, 15, 16, 17, 18, 19, 20, 21, 22, 23, 24, 25, 26]
  PASS   [1.5b-nf4-n500] all mean_varfrac finite & in [0,1]   expected='in [0,1] finite'   actual='ok'
  PASS   [1.5b-nf4-n500] all per-prompt varfrac finite & in [0,1]   expected='in [0,1] finite'   actual='ok'
  PASS   [1.5b-nf4-n100(H)] structure ks == [5,10,25,50]   expected=[5, 10, 25, 50]   actual=[5, 10, 25, 50]
  PASS   [1.5b-nf4-n100(H)] structure n_prompts == 30   expected=30   actual=30
  PASS   [1.5b-nf4-n100(H)] structure layers == 0..26   expected=[0, 1, 2, 3, 4, 5, 6, 7, 8, 9, 10, 11, 12, 13, 14, 15, 16, 17, 18, 19, 20, 21, 22, 23, 24, 25, 26]   actual=[0, 1, 2, 3, 4, 5, 6, 7, 8, 9, 10, 11, 12, 13, 14, 15, 16, 17, 18, 19, 20, 21, 22, 23, 24, 25, 26]
  PASS   [1.5b-nf4-n100(H)] all mean_varfrac finite & in [0,1]   expected='in [0,1] finite'   actual='ok'
  PASS   [1.5b-nf4-n100(H)] all per-prompt varfrac finite & in [0,1]   expected='in [0,1] finite'   actual='ok'
  PASS   [H] nf4 n=500 varfrac(k25) peak layer == 21   expected=21   actual=21
  PASS   [H] nf4 n=100 varfrac(k25) peak layer == 21   expected=21   actual=21
  PASS   [H] nf4 n=500 peak value   expected=0.1235   actual=0.1235
  PASS   [H] nf4 n=100 peak value   expected=0.1252   actual=0.1252
  PASS   [H] nf4 peak |delta| n100->n500 < 2%   expected='< 0.02'   actual=0.0136
  PASS   [H] nf4 peak relative delta ~ 1.4%   expected=0.014   actual=0.0136

================================================================================
CHECK I: quantization exonerated (1.5B nf4 n=100 control vs bf16)
================================================================================
  FAIL   artifact present: jlens_qwen2.5-1.5b_nf4_n100.pt   expected='present'   actual='MISSING'   tol=0.0
  FAIL   sidecar present: jlens_qwen2.5-1.5b_nf4_n100.config.json   expected='present'   actual='MISSING'   tol=0.0
  PASS   [1.5b-nf4] structure ks == [5,10,25,50]   expected=[5, 10, 25, 50]   actual=[5, 10, 25, 50]
  PASS   [1.5b-nf4] structure n_prompts == 30   expected=30   actual=30
  PASS   [1.5b-nf4] structure layers == 0..26   expected=[0, 1, 2, 3, 4, 5, 6, 7, 8, 9, 10, 11, 12, 13, 14, 15, 16, 17, 18, 19, 20, 21, 22, 23, 24, 25, 26]   actual=[0, 1, 2, 3, 4, 5, 6, 7, 8, 9, 10, 11, 12, 13, 14, 15, 16, 17, 18, 19, 20, 21, 22, 23, 24, 25, 26]
  PASS   [1.5b-nf4] all mean_varfrac finite & in [0,1]   expected='in [0,1] finite'   actual='ok'
  PASS   [1.5b-nf4] all per-prompt varfrac finite & in [0,1]   expected='in [0,1] finite'   actual='ok'
  PASS   [I] nf4 varfrac(k25) peak layer == 21   expected=21   actual=21
  PASS   [I] nf4 varfrac(k25) peak value   expected=0.125   actual=0.1252
  PASS   [I] nf4 varfrac(k25) L0   expected=0.079   actual=0.079
  PASS   [I] nf4 varfrac(k25) final layer   expected=0.067   actual=0.0669
  PASS   [I] nf4 varfrac(k25) trough layer == 14   expected=14   actual=14
  PASS   [I] nf4 varfrac(k25) trough value   expected=0.056   actual=0.0561
  PASS   [I] nf4 logit-kurt L0   expected=4.556   actual=4.5553
  PASS   [I] nf4 logit-kurt trough layer == 18   expected=18   actual=18
  PASS   [I] nf4 logit-kurt trough value   expected=0.906   actual=0.9059
  PASS   [I] nf4 peak within 0.006 of bf16 baseline (same L21)   expected='< 0.006 of 0.1237'   actual=0.0015
  PASS   [I] nf4 multihop J@10 overall   expected=0.592   actual=0.5922
  PASS   [I] nf4 multihop logit@10 overall   expected=0.418   actual=0.4175
  PASS   [I] nf4 multihop J@10 early   expected=0.194   actual=0.1942
  PASS   [I] nf4 multihop J@10 mid   expected=0.126   actual=0.1262
  PASS   [I] nf4 multihop J@10 late   expected=0.505   actual=0.5049
  PASS   [I] nf4 multihop logit@10 early (J-exclusive)   expected=0.0   actual=0.0
  PASS   [I] nf4 multihop logit@10 mid (J-exclusive)   expected=0.0   actual=0.0
  PASS   [I] nf4 association J@10 overall (floored)   expected=0.0   actual=0.0
  PASS   [I] nf4 median_layer_j_allpos rederived==stored   expected=23.0   actual=23.0
  PASS   [I] nf4 median_layer_l_allpos rederived==stored   expected=19.0   actual=19.0
  PASS   [I] nf4 depth J allpos == 23 (== bf16)   expected=23.0   actual=23.0
  PASS   [I] nf4 depth logit allpos == 19 (== bf16)   expected=19.0   actual=19.0
  PASS   [I] nf4 L26 Spearman J-last   expected=0.789   actual=0.7888
  PASS   [I] nf4 L26 Spearman logit-last   expected=0.88   actual=0.8798

================================================================================
CHECK J: corpus sensitivity (C4-en refit; workspace-band invariance)
================================================================================
  PASS   [1.5b-c4en] J layer count == 27   expected=27   actual=27
  PASS   [1.5b-c4en] source_layers == 0..26   expected=[0, 1, 2, 3, 4, 5, 6, 7, 8, 9, 10, 11, 12, 13, 14, 15, 16, 17, 18, 19, 20, 21, 22, 23, 24, 25, 26]   actual=[0, 1, 2, 3, 4, 5, 6, 7, 8, 9, 10, 11, 12, 13, 14, 15, 16, 17, 18, 19, 20, 21, 22, 23, 24, 25, 26]
  PASS   [1.5b-c4en] J keys == source_layers   expected=[0, 1, 2, 3, 4, 5, 6, 7, 8, 9, 10, 11, 12, 13, 14, 15, 16, 17, 18, 19, 20, 21, 22, 23, 24, 25, 26]   actual=[0, 1, 2, 3, 4, 5, 6, 7, 8, 9, 10, 11, 12, 13, 14, 15, 16, 17, 18, 19, 20, 21, 22, 23, 24, 25, 26]
  PASS   [1.5b-c4en] d_model   expected=1536   actual=1536
  PASS   [1.5b-c4en] n_prompts == 100   expected=100   actual=100
  PASS   [1.5b-c4en] every J_l is (d_model, d_model)   expected='((1536, 1536) x27)'   actual='all match'
  PASS   [1.5b-c4en] all J tensors finite   expected='all finite'   actual='all finite'
  PASS   [1.5b-c4en] min per-layer Frobenius norm > 0   expected='> 0'   actual=20.7467
  PASS   [1.5b-c4en] sidecar model   expected='Qwen/Qwen2.5-1.5B-Instruct'   actual='Qwen/Qwen2.5-1.5B-Instruct'
  PASS   [1.5b-c4en] sidecar mode   expected='bf16'   actual='bf16'
  PASS   [1.5b-c4en] sidecar n_prompts   expected=100   actual=100
  PASS   [J] c4en lens corpus_tag == 'c4en'   expected='c4en'   actual='c4en'
  PASS   [1.5b-c4en] structure ks == [5,10,25,50]   expected=[5, 10, 25, 50]   actual=[5, 10, 25, 50]
  PASS   [1.5b-c4en] structure n_prompts == 30   expected=30   actual=30
  PASS   [1.5b-c4en] structure layers == 0..26   expected=[0, 1, 2, 3, 4, 5, 6, 7, 8, 9, 10, 11, 12, 13, 14, 15, 16, 17, 18, 19, 20, 21, 22, 23, 24, 25, 26]   actual=[0, 1, 2, 3, 4, 5, 6, 7, 8, 9, 10, 11, 12, 13, 14, 15, 16, 17, 18, 19, 20, 21, 22, 23, 24, 25, 26]
  PASS   [1.5b-c4en] all mean_varfrac finite & in [0,1]   expected='in [0,1] finite'   actual='ok'
  PASS   [1.5b-c4en] all per-prompt varfrac finite & in [0,1]   expected='in [0,1] finite'   actual='ok'
  PASS   [J] c4en workspace-band(17..26) peak layer == 21   expected=21   actual=21
  PASS   [J] c4en L21 varfrac == 0.124 (peak identity)   expected=0.124   actual=0.1242
  PASS   [J] c4en L21 within 0.003 of bf16 baseline (corpus-invariant)   expected='< 0.003 of 0.1237'   actual=0.0005
  PASS   [J] c4en L0 varfrac == 0.174 (early-band divergence)   expected=0.174   actual=0.1751
  PASS   [J] c4en global argmax is L0 (early band > workspace)   expected='L0 > L21'   actual='L0 (0.175 vs 0.124)'
  PASS   [J] c4en logit-kurt L0 == 2.641 (early-band drop)   expected=2.641   actual=2.6455
  PASS   [J] c4en logit-kurt trough layer == 18   expected=18   actual=18
  PASS   [J] c4en logit-kurt trough value   expected=0.872   actual=0.8727
  PASS   [J] c4en multihop J@10 late   expected=0.485   actual=0.4854
  PASS   [J] c4en multihop logit@10 late   expected=0.398   actual=0.3981
  PASS   [J] c4en multihop J@10 overall   expected=0.485   actual=0.4854
  PASS   [J] c4en multihop J@50 overall   expected=0.748   actual=0.7476
  PASS   [J] c4en multihop J@10 early (reduced)   expected=0.116   actual=0.1165
  PASS   [J] c4en multihop logit@10 early (J-exclusive)   expected=0.0   actual=0.0
  PASS   [J] c4en multihop logit@10 mid (J-exclusive)   expected=0.0   actual=0.0
  PASS   [J] c4en association J@10 overall (floored)   expected=0.0   actual=0.0
  PASS   [J] c4en depth J allpos == 23 (== wikitext)   expected=23.0   actual=23.0
  PASS   [J] c4en depth logit allpos == 19 (== wikitext)   expected=19.0   actual=19.0
  PASS   [J] c4en L26 Spearman J-last == 0.803   expected=0.803   actual=0.8026
  PASS   [J] c4en L26 Spearman J within 0.003 of wikitext   expected='< 0.003 of 0.8003'   actual=0.0023

================================================================================
CHECK K: held-out-sample robustness (diversified C4 held-out set)
================================================================================
  PASS   [1.5b-heldout] structure ks == [5,10,25,50]   expected=[5, 10, 25, 50]   actual=[5, 10, 25, 50]
  PASS   [1.5b-heldout] structure n_prompts == 30   expected=30   actual=30
  PASS   [1.5b-heldout] structure layers == 0..26   expected=[0, 1, 2, 3, 4, 5, 6, 7, 8, 9, 10, 11, 12, 13, 14, 15, 16, 17, 18, 19, 20, 21, 22, 23, 24, 25, 26]   actual=[0, 1, 2, 3, 4, 5, 6, 7, 8, 9, 10, 11, 12, 13, 14, 15, 16, 17, 18, 19, 20, 21, 22, 23, 24, 25, 26]
  PASS   [1.5b-heldout] all mean_varfrac finite & in [0,1]   expected='in [0,1] finite'   actual='ok'
  PASS   [1.5b-heldout] all per-prompt varfrac finite & in [0,1]   expected='in [0,1] finite'   actual='ok'
  PASS   [K] 1.5B heldout varfrac(k25) peak layer == 21   expected=21   actual=21
  PASS   [K] 1.5B heldout peak value == 0.133   expected=0.133   actual=0.133
  PASS   [K] 1.5B heldout L0 varfrac == 0.084   expected=0.084   actual=0.0844
  PASS   [K] 1.5B heldout logit-kurt trough layer == 17   expected=17   actual=17
  PASS   [K] 1.5B heldout logit-kurt trough value == 1.019   expected=1.019   actual=1.0186
  PASS   [K] 1.5B heldout median_layer_j_allpos rederived==stored   expected=22.0   actual=22.0
  PASS   [K] 1.5B heldout median_layer_l_allpos rederived==stored   expected=19.0   actual=19.0
  PASS   [K] 1.5B heldout depth J allpos == 22   expected=22.0   actual=22.0
  PASS   [K] 1.5B heldout depth logit allpos == 19   expected=19.0   actual=19.0
  PASS   [K] 1.5B heldout depth within +/-2 layers of base (23/19)   expected='|dj-23|<=2 and |dl-19|<=2'   actual='dj=22.0 dl=19.0'
  PASS   [K] 1.5B heldout J readout fidelity >= base (0.870 vs 0.800)   expected='>= 0.8003'   actual=0.8689
  PASS   [7b-heldout] structure ks == [5,10,25,50]   expected=[5, 10, 25, 50]   actual=[5, 10, 25, 50]
  PASS   [7b-heldout] structure n_prompts == 30   expected=30   actual=30
  PASS   [7b-heldout] structure layers == 0..26   expected=[0, 1, 2, 3, 4, 5, 6, 7, 8, 9, 10, 11, 12, 13, 14, 15, 16, 17, 18, 19, 20, 21, 22, 23, 24, 25, 26]   actual=[0, 1, 2, 3, 4, 5, 6, 7, 8, 9, 10, 11, 12, 13, 14, 15, 16, 17, 18, 19, 20, 21, 22, 23, 24, 25, 26]
  PASS   [7b-heldout] all mean_varfrac finite & in [0,1]   expected='in [0,1] finite'   actual='ok'
  PASS   [7b-heldout] all per-prompt varfrac finite & in [0,1]   expected='in [0,1] finite'   actual='ok'
  PASS   [K] 7B heldout varfrac peak layer in {22,23}   expected='{22,23}'   actual=23
  PASS   [K] 7B heldout varfrac trough layer in {16,17}   expected='{16,17}'   actual=16
  PASS   [K] 7B heldout peak value in [0.03,0.07]   expected='[0.03,0.07]'   actual=0.0526
  PASS   [K] 7B heldout trough value in [0.005,0.03]   expected='[0.005,0.03]'   actual=0.0162
  PASS   [K] 7B heldout varfrac ceiling <= 0.10 (U-profile)   expected='<= 0.10'   actual=0.0526
  PASS   [K] 1.5B/7B heldout peak ratio in [2.0,3.5] (~2.6x)   expected='[2.0,3.5]'   actual=2.53
  PASS   [K] 7B heldout median_layer_j_allpos rederived==stored   expected=21.0   actual=21.0
  PASS   [K] 7B heldout median_layer_l_allpos rederived==stored   expected=23.0   actual=23.0
  PASS   [K] 7B heldout depth medians finite   expected='finite'   actual='ok'

================================================================================
CHECK L: entailed-property swaps (stage 5.2; J-lens-specific graded effect)
================================================================================
  PASS   [L] 1.5b chat L18 n_items == 33   expected=33   actual=33
  PASS   [L] 1.5b chat L18 layer   expected=18   actual=18
  PASS   [L] 1.5b chat L18 prompt_style   expected='chat'   actual='chat'
  PASS   [L] 1.5b chat L18 clean n_correct == 17/33   expected=17   actual=17
  PASS   [L] 1.5b chat L18 conditions   expected=['jlens', 'logitlens', 'random']   actual=['jlens', 'logitlens', 'random']
  PASS   [L] 1.5b chat L18 property flip rate == 0 (all conds x strengths)   expected='0.0'   actual=0.0
  PASS   [L] 1.5b chat L18 clean retention >= 0.9 (all conds)   expected='>= 0.9'   actual=0.9412
  PASS   [L] 1.5b chat L18 injected-norm equal across conds @1.0   expected='< 1e-3'   actual=0.0
  PASS   [L] 1.5b chat L18 injected-norm equal across conds @2.0   expected='< 1e-3'   actual=0.0
  PASS   [L] 1.5b chat L18 baseline-correct auto count   expected=7   actual=7
  PASS   [L] 1.5b chat L18 baseline-correct fallback count   expected=10   actual=10
  PASS   [L] 1.5b chat L18 AUTO-ONLY jlens@2 dlogp(swap)   expected=5.168   actual=5.1682
  PASS   [L] 1.5b chat L18 auto-only jlens@2 > mixed (fallback dilutes down)   expected='auto-only > mixed'   actual='5.168 > 2.127'
  PASS   [L] 1.5b chat L18 jlens@2 dlogp(swap)   expected=2.13   actual=2.1269
  PASS   [L] 1.5b chat L18 logitlens@2 dlogp(swap)   expected=0.07   actual=0.074
  PASS   [L] 1.5b chat L18 random@2 dlogp(swap)   expected=0.14   actual=0.1396
  PASS   [L] 1.5b chat L18 jlens dlogp > both controls @2 (J-lens-specific)   expected='jlens > max(logit,random)'   actual='2.127 > max(0.074,0.140)'
  PASS   [L] 1.5b chat L18 jlens dlogp >= 5x larger control @2   expected='>= 5x'   actual=15.23
  PASS   [L] 1.5b chat L21 n_items == 33   expected=33   actual=33
  PASS   [L] 1.5b chat L21 layer   expected=21   actual=21
  PASS   [L] 1.5b chat L21 prompt_style   expected='chat'   actual='chat'
  PASS   [L] 1.5b chat L21 clean n_correct == 17/33   expected=17   actual=17
  PASS   [L] 1.5b chat L21 conditions   expected=['jlens', 'logitlens', 'random']   actual=['jlens', 'logitlens', 'random']
  PASS   [L] 1.5b chat L21 property flip rate == 0 (all conds x strengths)   expected='0.0'   actual=0.0
  PASS   [L] 1.5b chat L21 clean retention >= 0.9 (all conds)   expected='>= 0.9'   actual=1.0
  PASS   [L] 1.5b chat L21 injected-norm equal across conds @1.0   expected='< 1e-3'   actual=0.0
  PASS   [L] 1.5b chat L21 injected-norm equal across conds @2.0   expected='< 1e-3'   actual=0.0
  PASS   [L] 1.5b chat L21 baseline-correct auto count   expected=10   actual=10
  PASS   [L] 1.5b chat L21 baseline-correct fallback count   expected=7   actual=7
  PASS   [L] 1.5b chat L24 n_items == 33   expected=33   actual=33
  PASS   [L] 1.5b chat L24 layer   expected=24   actual=24
  PASS   [L] 1.5b chat L24 prompt_style   expected='chat'   actual='chat'
  PASS   [L] 1.5b chat L24 clean n_correct == 17/33   expected=17   actual=17
  PASS   [L] 1.5b chat L24 conditions   expected=['jlens', 'logitlens', 'random']   actual=['jlens', 'logitlens', 'random']
  PASS   [L] 1.5b chat L24 property flip rate == 0 (all conds x strengths)   expected='0.0'   actual=0.0
  PASS   [L] 1.5b chat L24 clean retention >= 0.9 (all conds)   expected='>= 0.9'   actual=1.0
  PASS   [L] 1.5b chat L24 injected-norm equal across conds @1.0   expected='< 1e-3'   actual=1e-06
  PASS   [L] 1.5b chat L24 injected-norm equal across conds @2.0   expected='< 1e-3'   actual=2e-06
  PASS   [L] 1.5b chat L24 baseline-correct auto count   expected=15   actual=15
  PASS   [L] 1.5b chat L24 baseline-correct fallback count   expected=2   actual=2
  PASS   [L] 1.5b plain L21 n_items == 33   expected=33   actual=33
  PASS   [L] 1.5b plain L21 layer   expected=21   actual=21
  PASS   [L] 1.5b plain L21 prompt_style   expected='plain'   actual='plain'
  PASS   [L] 1.5b plain L21 clean n_correct == 4/33   expected=4   actual=4
  PASS   [L] 1.5b plain L21 conditions   expected=['jlens', 'logitlens', 'random']   actual=['jlens', 'logitlens', 'random']
  PASS   [L] 1.5b plain L21 property flip rate == 0 (all conds x strengths)   expected='0.0'   actual=0.0
  PASS   [L] 1.5b plain L21 clean retention >= 0.9 (all conds)   expected='>= 0.9'   actual=1.0
  PASS   [L] 1.5b plain L21 injected-norm equal across conds @1.0   expected='< 1e-3'   actual=0.0
  PASS   [L] 1.5b plain L21 injected-norm equal across conds @2.0   expected='< 1e-3'   actual=1e-06
  PASS   [L] 7b chat L18 n_items == 33   expected=33   actual=33
  PASS   [L] 7b chat L18 layer   expected=18   actual=18
  PASS   [L] 7b chat L18 prompt_style   expected='chat'   actual='chat'
  PASS   [L] 7b chat L18 clean n_correct == 30/33   expected=30   actual=30
  PASS   [L] 7b chat L18 conditions   expected=['jlens', 'logitlens', 'random']   actual=['jlens', 'logitlens', 'random']
  PASS   [L] 7b chat L18 property flip rate == 0 (all conds x strengths)   expected='0.0'   actual=0.0
  PASS   [L] 7b chat L18 clean retention >= 0.9 (all conds)   expected='>= 0.9'   actual=0.9333
  PASS   [L] 7b chat L18 injected-norm equal across conds @1.0   expected='< 1e-3'   actual=0.0
  PASS   [L] 7b chat L18 injected-norm equal across conds @2.0   expected='< 1e-3'   actual=0.0
  PASS   [L] 7b chat L18 baseline-correct auto count   expected=17   actual=17
  PASS   [L] 7b chat L18 baseline-correct fallback count   expected=13   actual=13
  PASS   [L] 7b chat L19 n_items == 33   expected=33   actual=33
  PASS   [L] 7b chat L19 layer   expected=19   actual=19
  PASS   [L] 7b chat L19 prompt_style   expected='chat'   actual='chat'
  PASS   [L] 7b chat L19 clean n_correct == 30/33   expected=30   actual=30
  PASS   [L] 7b chat L19 conditions   expected=['jlens', 'logitlens', 'random']   actual=['jlens', 'logitlens', 'random']
  PASS   [L] 7b chat L19 property flip rate == 0 (all conds x strengths)   expected='0.0'   actual=0.0
  PASS   [L] 7b chat L19 clean retention >= 0.9 (all conds)   expected='>= 0.9'   actual=0.9667
  PASS   [L] 7b chat L19 injected-norm equal across conds @1.0   expected='< 1e-3'   actual=0.0
  PASS   [L] 7b chat L19 injected-norm equal across conds @2.0   expected='< 1e-3'   actual=0.0
  PASS   [L] 7b chat L19 baseline-correct auto count   expected=17   actual=17
  PASS   [L] 7b chat L19 baseline-correct fallback count   expected=13   actual=13
  PASS   [L] 7b chat L19 AUTO-ONLY jlens@2 dlogp(swap)   expected=2.166   actual=2.1655
  PASS   [L] 7b chat L19 auto-only jlens@2 > mixed (fallback dilutes down)   expected='auto-only > mixed'   actual='2.166 > 1.250'
  PASS   [L] 7b chat L19 jlens@2 dlogp(swap)   expected=1.25   actual=1.25
  PASS   [L] 7b chat L19 logitlens@2 dlogp(swap)   expected=0.178   actual=0.1781
  PASS   [L] 7b chat L19 random@2 dlogp(swap)   expected=0.04   actual=0.0395
  PASS   [L] 7b chat L19 jlens dlogp > both controls @2 (J-lens-specific)   expected='jlens > max(logit,random)'   actual='1.250 > max(0.178,0.040)'
  PASS   [L] 7b chat L19 jlens dlogp >= 5x larger control @2   expected='>= 5x'   actual=7.02
  PASS   [L] 7b chat L22 n_items == 33   expected=33   actual=33
  PASS   [L] 7b chat L22 layer   expected=22   actual=22
  PASS   [L] 7b chat L22 prompt_style   expected='chat'   actual='chat'
  PASS   [L] 7b chat L22 clean n_correct == 30/33   expected=30   actual=30
  PASS   [L] 7b chat L22 conditions   expected=['jlens', 'logitlens', 'random']   actual=['jlens', 'logitlens', 'random']
  PASS   [L] 7b chat L22 property flip rate == 0 (all conds x strengths)   expected='0.0'   actual=0.0
  PASS   [L] 7b chat L22 clean retention >= 0.9 (all conds)   expected='>= 0.9'   actual=1.0
  PASS   [L] 7b chat L22 injected-norm equal across conds @1.0   expected='< 1e-3'   actual=1e-06
  PASS   [L] 7b chat L22 injected-norm equal across conds @2.0   expected='< 1e-3'   actual=2e-06
  PASS   [L] 7b chat L22 baseline-correct auto count   expected=18   actual=18
  PASS   [L] 7b chat L22 baseline-correct fallback count   expected=12   actual=12
  PASS   [L] 7b plain L22 n_items == 33   expected=33   actual=33
  PASS   [L] 7b plain L22 layer   expected=22   actual=22
  PASS   [L] 7b plain L22 prompt_style   expected='plain'   actual='plain'
  PASS   [L] 7b plain L22 clean n_correct == 11/33   expected=11   actual=11
  PASS   [L] 7b plain L22 conditions   expected=['jlens', 'logitlens', 'random']   actual=['jlens', 'logitlens', 'random']
  PASS   [L] 7b plain L22 property flip rate == 0 (all conds x strengths)   expected='0.0'   actual=0.0
  PASS   [L] 7b plain L22 clean retention >= 0.9 (all conds)   expected='>= 0.9'   actual=1.0
  PASS   [L] 7b plain L22 injected-norm equal across conds @1.0   expected='< 1e-3'   actual=1e-06
  PASS   [L] 7b plain L22 injected-norm equal across conds @2.0   expected='< 1e-3'   actual=1e-06
  PASS   [L] 1.5b jlens dlogp peaks at L18 (< L21 < L24 report band)   expected='L18 > L21 > L24'   actual='2.13 > 0.26 > 0.10'
  PASS   [L] 7b jlens dlogp peaks at L19 (> L18, > L22 report)   expected='L19 max'   actual='L18=0.90 L19=1.25 L22=0.47'
  PASS   [L] paperverbatim chat/all n_items == 3   expected=3   actual=3
  PASS   [L] paperverbatim chat/all flip rate == 0   expected='0.0'   actual=0.0
  PASS   [L] paperverbatim chat/all jlens@2 dlogp ~ +1.60   expected=1.6   actual=1.6041
  PASS   [L] paperverbatim chat/auto n_items == 3   expected=3   actual=3
  PASS   [L] paperverbatim chat/auto flip rate == 0   expected='0.0'   actual=0.0
  PASS   [L] paperverbatim plain/all n_items == 3   expected=3   actual=3
  PASS   [L] paperverbatim plain/all flip rate == 0   expected='0.0'   actual=0.0
  PASS   [L] paperverbatim plain/auto n_items == 3   expected=3   actual=3
  PASS   [L] paperverbatim plain/auto flip rate == 0   expected='0.0'   actual=0.0
  PASS   [M] 1.5b grid replicated varfrac bit-exact vs committed scan   expected='0.0'   actual=0.0
  PASS   [M] 1.5b grid L0 excess_mean == mean(per-position excess)   expected='recomputes'   actual=0.09674683435585041
  PASS   [M] 1.5b grid L1 excess_mean == mean(per-position excess)   expected='recomputes'   actual=0.07259747813782186
  PASS   [M] 1.5b grid L2 excess_mean == mean(per-position excess)   expected='recomputes'   actual=0.07375006963980424
  PASS   [M] 1.5b grid L3 excess_mean == mean(per-position excess)   expected='recomputes'   actual=0.07001650899927422
  PASS   [M] 1.5b grid L4 excess_mean == mean(per-position excess)   expected='recomputes'   actual=0.06505440144495461
  PASS   [M] 1.5b grid L5 excess_mean == mean(per-position excess)   expected='recomputes'   actual=0.06746380376356283
  PASS   [M] 1.5b grid L6 excess_mean == mean(per-position excess)   expected='recomputes'   actual=0.06901289629071342
  PASS   [M] 1.5b grid L7 excess_mean == mean(per-position excess)   expected='recomputes'   actual=0.07587685154797767
  PASS   [M] 1.5b grid L8 excess_mean == mean(per-position excess)   expected='recomputes'   actual=0.078425118533947
  PASS   [M] 1.5b grid L9 excess_mean == mean(per-position excess)   expected='recomputes'   actual=0.0757387724675928
  PASS   [M] 1.5b grid L10 excess_mean == mean(per-position excess)   expected='recomputes'   actual=0.08054852012189476
  PASS   [M] 1.5b grid L11 excess_mean == mean(per-position excess)   expected='recomputes'   actual=0.07627880181057052
  PASS   [M] 1.5b grid L12 excess_mean == mean(per-position excess)   expected='recomputes'   actual=0.07080273403916935
  PASS   [M] 1.5b grid L13 excess_mean == mean(per-position excess)   expected='recomputes'   actual=0.0658866067070091
  PASS   [M] 1.5b grid L14 excess_mean == mean(per-position excess)   expected='recomputes'   actual=0.06073686361149122
  PASS   [M] 1.5b grid L15 excess_mean == mean(per-position excess)   expected='recomputes'   actual=0.06156386572605674
  PASS   [M] 1.5b grid L16 excess_mean == mean(per-position excess)   expected='recomputes'   actual=0.06050232868910728
  PASS   [M] 1.5b grid L17 excess_mean == mean(per-position excess)   expected='recomputes'   actual=0.07265943742116229
  PASS   [M] 1.5b grid L18 excess_mean == mean(per-position excess)   expected='recomputes'   actual=0.08105381036310241
  PASS   [M] 1.5b grid L19 excess_mean == mean(per-position excess)   expected='recomputes'   actual=0.094387488993643
  PASS   [M] 1.5b grid L20 excess_mean == mean(per-position excess)   expected='recomputes'   actual=0.09654135445177332
  PASS   [M] 1.5b grid L21 excess_mean == mean(per-position excess)   expected='recomputes'   actual=0.10828072731326648
  PASS   [M] 1.5b grid L22 excess_mean == mean(per-position excess)   expected='recomputes'   actual=0.1011155474770997
  PASS   [M] 1.5b grid L23 excess_mean == mean(per-position excess)   expected='recomputes'   actual=0.09426106604558948
  PASS   [M] 1.5b grid L24 excess_mean == mean(per-position excess)   expected='recomputes'   actual=0.08684518825250466
  PASS   [M] 1.5b grid L25 excess_mean == mean(per-position excess)   expected='recomputes'   actual=0.078482646819986
  PASS   [M] 1.5b grid L26 excess_mean == mean(per-position excess)   expected='recomputes'   actual=0.05703848109064744
  PASS   [M] 1.5b grid L21 excess_mean   expected=0.1083   actual=0.1083
  PASS   [M] 1.5b grid L0 excess_mean   expected=0.0967   actual=0.0967
  PASS   [M] 1.5b grid L0 excess_mean == fve_topK_mean - fve_rand_mean   expected='identity'   actual=0.09674683435585044
  PASS   [M] 1.5b grid L1 excess_mean == fve_topK_mean - fve_rand_mean   expected='identity'   actual=0.07259747813782187
  PASS   [M] 1.5b grid L2 excess_mean == fve_topK_mean - fve_rand_mean   expected='identity'   actual=0.07375006963980425
  PASS   [M] 1.5b grid L3 excess_mean == fve_topK_mean - fve_rand_mean   expected='identity'   actual=0.07001650899927422
  PASS   [M] 1.5b grid L4 excess_mean == fve_topK_mean - fve_rand_mean   expected='identity'   actual=0.06505440144495464
  PASS   [M] 1.5b grid L5 excess_mean == fve_topK_mean - fve_rand_mean   expected='identity'   actual=0.06746380376356284
  PASS   [M] 1.5b grid L6 excess_mean == fve_topK_mean - fve_rand_mean   expected='identity'   actual=0.06901289629071342
  PASS   [M] 1.5b grid L7 excess_mean == fve_topK_mean - fve_rand_mean   expected='identity'   actual=0.07587685154797766
  PASS   [M] 1.5b grid L8 excess_mean == fve_topK_mean - fve_rand_mean   expected='identity'   actual=0.07842511853394699
  PASS   [M] 1.5b grid L9 excess_mean == fve_topK_mean - fve_rand_mean   expected='identity'   actual=0.07573877246759281
  PASS   [M] 1.5b grid L10 excess_mean == fve_topK_mean - fve_rand_mean   expected='identity'   actual=0.08054852012189476
  PASS   [M] 1.5b grid L11 excess_mean == fve_topK_mean - fve_rand_mean   expected='identity'   actual=0.07627880181057053
  PASS   [M] 1.5b grid L12 excess_mean == fve_topK_mean - fve_rand_mean   expected='identity'   actual=0.07080273403916937
  PASS   [M] 1.5b grid L13 excess_mean == fve_topK_mean - fve_rand_mean   expected='identity'   actual=0.0658866067070091
  PASS   [M] 1.5b grid L14 excess_mean == fve_topK_mean - fve_rand_mean   expected='identity'   actual=0.06073686361149122
  PASS   [M] 1.5b grid L15 excess_mean == fve_topK_mean - fve_rand_mean   expected='identity'   actual=0.061563865726056745
  PASS   [M] 1.5b grid L16 excess_mean == fve_topK_mean - fve_rand_mean   expected='identity'   actual=0.060502328689107265
  PASS   [M] 1.5b grid L17 excess_mean == fve_topK_mean - fve_rand_mean   expected='identity'   actual=0.07265943742116227
  PASS   [M] 1.5b grid L18 excess_mean == fve_topK_mean - fve_rand_mean   expected='identity'   actual=0.08105381036310241
  PASS   [M] 1.5b grid L19 excess_mean == fve_topK_mean - fve_rand_mean   expected='identity'   actual=0.09438748899364299
  PASS   [M] 1.5b grid L20 excess_mean == fve_topK_mean - fve_rand_mean   expected='identity'   actual=0.09654135445177332
  PASS   [M] 1.5b grid L21 excess_mean == fve_topK_mean - fve_rand_mean   expected='identity'   actual=0.10828072731326648
  PASS   [M] 1.5b grid L22 excess_mean == fve_topK_mean - fve_rand_mean   expected='identity'   actual=0.1011155474770997
  PASS   [M] 1.5b grid L23 excess_mean == fve_topK_mean - fve_rand_mean   expected='identity'   actual=0.09426106604558948
  PASS   [M] 1.5b grid L24 excess_mean == fve_topK_mean - fve_rand_mean   expected='identity'   actual=0.08684518825250467
  PASS   [M] 1.5b grid L25 excess_mean == fve_topK_mean - fve_rand_mean   expected='identity'   actual=0.07848264681998601
  PASS   [M] 1.5b grid L26 excess_mean == fve_topK_mean - fve_rand_mean   expected='identity'   actual=0.05703848109064745
  PASS   [M] 1.5b grid L18 fve_topK_mean   expected=0.1044   actual=0.1044
  PASS   [M] 1.5b grid L18 fve_rand_mean   expected=0.0234   actual=0.0234
  PASS   [M] 1.5b grid L21 fve_topK_mean   expected=0.1285   actual=0.1285
  PASS   [M] 1.5b grid L21 fve_rand_mean   expected=0.0202   actual=0.0202
  PASS   [M] 1.5b grid L22 fve_topK_mean   expected=0.1171   actual=0.1171
  PASS   [M] 1.5b grid L22 fve_rand_mean   expected=0.016   actual=0.016
  PASS   [M] 1.5b grid K_median_occ in [23,25] all layers   expected='[23,25]'   actual='[24,25]'
  PASS   [M] 1.5b grid L21 K_median_occ == 25   expected=25   actual=25
  PASS   [M] 1.5b allpos L0 excess_mean == mean(per-position excess)   expected='recomputes'   actual=0.1038350295737216
  PASS   [M] 1.5b allpos L18 excess_mean == mean(per-position excess)   expected='recomputes'   actual=0.08267466779639249
  PASS   [M] 1.5b allpos L21 excess_mean == mean(per-position excess)   expected='recomputes'   actual=0.11153964911851445
  PASS   [M] 1.5b allpos L22 excess_mean == mean(per-position excess)   expected='recomputes'   actual=0.10675866596006042
  PASS   [M] 1.5b allpos L21 excess_mean   expected=0.1115   actual=0.1115
  PASS   [M] 1.5b allpos L22 excess_mean   expected=0.1068   actual=0.1068
  PASS   [M] 1.5b allpos L18 excess_mean   expected=0.0827   actual=0.0827
  PASS   [M] 1.5b allpos L0 excess_mean   expected=0.1038   actual=0.1038
  PASS   [M] 1.5b allpos L0 excess_mean == fve_topK_mean - fve_rand_mean   expected='identity'   actual=0.10383502957372157
  PASS   [M] 1.5b allpos L18 excess_mean == fve_topK_mean - fve_rand_mean   expected='identity'   actual=0.08267466779639249
  PASS   [M] 1.5b allpos L21 excess_mean == fve_topK_mean - fve_rand_mean   expected='identity'   actual=0.11153964911851447
  PASS   [M] 1.5b allpos L22 excess_mean == fve_topK_mean - fve_rand_mean   expected='identity'   actual=0.10675866596006041
  PASS   [M] 1.5b allpos K_median_occ in [23,25] all layers   expected='[23,25]'   actual='[24,25]'
  PASS   [M] 1.5b allpos L21 K_median_occ == 25   expected=25   actual=25
  PASS   [M] allpos L21 P(bootstrap mean > 10%) == 1.0   expected=1.0   actual=1.0
  PASS   [M] allpos L22 P(bootstrap mean > 10%) == 1.0   expected=1.0   actual=1.0
  PASS   [M] allpos L18 P(bootstrap mean > 10%) == 0.0   expected=0.0   actual=0.0
  PASS   [M] allpos L21 CI95 ~ [0.1095, 0.1140] and lo > 0.10   expected='[0.1095, 0.1140]'   actual=(0.1095, 0.114)
  PASS   [M] 7b grid replicated varfrac bit-exact vs committed scan   expected='0.0'   actual=0.0
  PASS   [M] 7b grid L0 excess_mean == mean(per-position excess)   expected='recomputes'   actual=0.03194110001385782
  PASS   [M] 7b grid L1 excess_mean == mean(per-position excess)   expected='recomputes'   actual=0.02543732902961246
  PASS   [M] 7b grid L2 excess_mean == mean(per-position excess)   expected='recomputes'   actual=0.024431364464149233
  PASS   [M] 7b grid L3 excess_mean == mean(per-position excess)   expected='recomputes'   actual=0.02144738860095687
  PASS   [M] 7b grid L4 excess_mean == mean(per-position excess)   expected='recomputes'   actual=0.02322760139937155
  PASS   [M] 7b grid L5 excess_mean == mean(per-position excess)   expected='recomputes'   actual=0.021607808361716833
  PASS   [M] 7b grid L6 excess_mean == mean(per-position excess)   expected='recomputes'   actual=0.024944891865746274
  PASS   [M] 7b grid L7 excess_mean == mean(per-position excess)   expected='recomputes'   actual=0.03045167203039267
  PASS   [M] 7b grid L8 excess_mean == mean(per-position excess)   expected='recomputes'   actual=0.0322601172298865
  PASS   [M] 7b grid L9 excess_mean == mean(per-position excess)   expected='recomputes'   actual=0.030831186174950953
  PASS   [M] 7b grid L10 excess_mean == mean(per-position excess)   expected='recomputes'   actual=0.031566459477951274
  PASS   [M] 7b grid L11 excess_mean == mean(per-position excess)   expected='recomputes'   actual=0.030725425463367075
  PASS   [M] 7b grid L12 excess_mean == mean(per-position excess)   expected='recomputes'   actual=0.030520386498108808
  PASS   [M] 7b grid L13 excess_mean == mean(per-position excess)   expected='recomputes'   actual=0.030344378118903927
  PASS   [M] 7b grid L14 excess_mean == mean(per-position excess)   expected='recomputes'   actual=0.031278347417076274
  PASS   [M] 7b grid L15 excess_mean == mean(per-position excess)   expected='recomputes'   actual=0.026828655934888226
  PASS   [M] 7b grid L16 excess_mean == mean(per-position excess)   expected='recomputes'   actual=0.026327973888717753
  PASS   [M] 7b grid L17 excess_mean == mean(per-position excess)   expected='recomputes'   actual=0.024328627679313007
  PASS   [M] 7b grid L18 excess_mean == mean(per-position excess)   expected='recomputes'   actual=0.02982241784562146
  PASS   [M] 7b grid L19 excess_mean == mean(per-position excess)   expected='recomputes'   actual=0.03489815717461618
  PASS   [M] 7b grid L20 excess_mean == mean(per-position excess)   expected='recomputes'   actual=0.03974763919738218
  PASS   [M] 7b grid L21 excess_mean == mean(per-position excess)   expected='recomputes'   actual=0.04186481607911991
  PASS   [M] 7b grid L22 excess_mean == mean(per-position excess)   expected='recomputes'   actual=0.04714329796239783
  PASS   [M] 7b grid L23 excess_mean == mean(per-position excess)   expected='recomputes'   actual=0.04718095824510637
  PASS   [M] 7b grid L24 excess_mean == mean(per-position excess)   expected='recomputes'   actual=0.0431870513460461
  PASS   [M] 7b grid L25 excess_mean == mean(per-position excess)   expected='recomputes'   actual=0.042402860095684655
  PASS   [M] 7b grid L26 excess_mean == mean(per-position excess)   expected='recomputes'   actual=0.040009668524617646
  PASS   [M] 7b grid L22 excess_mean   expected=0.0471   actual=0.0471
  PASS   [M] 7b grid L23 excess_mean   expected=0.0472   actual=0.0472
  PASS   [M] 7b grid L21 excess_mean   expected=0.0419   actual=0.0419
  PASS   [M] 7b grid L0 excess_mean == fve_topK_mean - fve_rand_mean   expected='identity'   actual=0.031941100013857825
  PASS   [M] 7b grid L1 excess_mean == fve_topK_mean - fve_rand_mean   expected='identity'   actual=0.025437329029612456
  PASS   [M] 7b grid L2 excess_mean == fve_topK_mean - fve_rand_mean   expected='identity'   actual=0.024431364464149233
  PASS   [M] 7b grid L3 excess_mean == fve_topK_mean - fve_rand_mean   expected='identity'   actual=0.02144738860095688
  PASS   [M] 7b grid L4 excess_mean == fve_topK_mean - fve_rand_mean   expected='identity'   actual=0.023227601399371554
  PASS   [M] 7b grid L5 excess_mean == fve_topK_mean - fve_rand_mean   expected='identity'   actual=0.021607808361716826
  PASS   [M] 7b grid L6 excess_mean == fve_topK_mean - fve_rand_mean   expected='identity'   actual=0.02494489186574627
  PASS   [M] 7b grid L7 excess_mean == fve_topK_mean - fve_rand_mean   expected='identity'   actual=0.030451672030392667
  PASS   [M] 7b grid L8 excess_mean == fve_topK_mean - fve_rand_mean   expected='identity'   actual=0.03226011722988649
  PASS   [M] 7b grid L9 excess_mean == fve_topK_mean - fve_rand_mean   expected='identity'   actual=0.030831186174950946
  PASS   [M] 7b grid L10 excess_mean == fve_topK_mean - fve_rand_mean   expected='identity'   actual=0.031566459477951274
  PASS   [M] 7b grid L11 excess_mean == fve_topK_mean - fve_rand_mean   expected='identity'   actual=0.03072542546336708
  PASS   [M] 7b grid L12 excess_mean == fve_topK_mean - fve_rand_mean   expected='identity'   actual=0.03052038649810881
  PASS   [M] 7b grid L13 excess_mean == fve_topK_mean - fve_rand_mean   expected='identity'   actual=0.03034437811890393
  PASS   [M] 7b grid L14 excess_mean == fve_topK_mean - fve_rand_mean   expected='identity'   actual=0.031278347417076274
  PASS   [M] 7b grid L15 excess_mean == fve_topK_mean - fve_rand_mean   expected='identity'   actual=0.026828655934888226
  PASS   [M] 7b grid L16 excess_mean == fve_topK_mean - fve_rand_mean   expected='identity'   actual=0.02632797388871775
  PASS   [M] 7b grid L17 excess_mean == fve_topK_mean - fve_rand_mean   expected='identity'   actual=0.024328627679313007
  PASS   [M] 7b grid L18 excess_mean == fve_topK_mean - fve_rand_mean   expected='identity'   actual=0.02982241784562146
  PASS   [M] 7b grid L19 excess_mean == fve_topK_mean - fve_rand_mean   expected='identity'   actual=0.03489815717461618
  PASS   [M] 7b grid L20 excess_mean == fve_topK_mean - fve_rand_mean   expected='identity'   actual=0.03974763919738219
  PASS   [M] 7b grid L21 excess_mean == fve_topK_mean - fve_rand_mean   expected='identity'   actual=0.04186481607911991
  PASS   [M] 7b grid L22 excess_mean == fve_topK_mean - fve_rand_mean   expected='identity'   actual=0.04714329796239783
  PASS   [M] 7b grid L23 excess_mean == fve_topK_mean - fve_rand_mean   expected='identity'   actual=0.047180958245106375
  PASS   [M] 7b grid L24 excess_mean == fve_topK_mean - fve_rand_mean   expected='identity'   actual=0.0431870513460461
  PASS   [M] 7b grid L25 excess_mean == fve_topK_mean - fve_rand_mean   expected='identity'   actual=0.042402860095684655
  PASS   [M] 7b grid L26 excess_mean == fve_topK_mean - fve_rand_mean   expected='identity'   actual=0.04000966852461764
  PASS   [M] 7b grid L21 fve_topK_mean   expected=0.0508   actual=0.0508
  PASS   [M] 7b grid L21 fve_rand_mean   expected=0.0089   actual=0.0089
  PASS   [M] 7b grid L22 fve_topK_mean   expected=0.0558   actual=0.0558
  PASS   [M] 7b grid L22 fve_rand_mean   expected=0.0087   actual=0.0087
  PASS   [M] 7b grid K_median_occ in [23,25] all layers   expected='[23,25]'   actual='[23,24]'
  PASS   [M] 7b grid L22 K_median_occ == 24   expected=24   actual=24
  PASS   [M] 7B peak excess layer in {22, 23} (L22/L23 tie, 0.0471/0.0472)   expected='{22, 23}'   actual=23
  PASS   [M] 7B excess < 0.10 at ALL layers (ceiling holds)   expected='< 0.10'   actual=0.0472
  PASS   [M] 1.5b c4en axis replicated varfrac bit-exact vs committed scan   expected='0.0'   actual=0.0
  PASS   [M] 1.5b c4en axis L0 excess_mean == mean(per-position excess)   expected='recomputes'   actual=0.15419037341785352
  PASS   [M] 1.5b c4en axis L1 excess_mean == mean(per-position excess)   expected='recomputes'   actual=0.12536956205006916
  PASS   [M] 1.5b c4en axis L2 excess_mean == mean(per-position excess)   expected='recomputes'   actual=0.13165127078021197
  PASS   [M] 1.5b c4en axis L3 excess_mean == mean(per-position excess)   expected='recomputes'   actual=0.11865589749596674
  PASS   [M] 1.5b c4en axis L4 excess_mean == mean(per-position excess)   expected='recomputes'   actual=0.1050732418265244
  PASS   [M] 1.5b c4en axis L5 excess_mean == mean(per-position excess)   expected='recomputes'   actual=0.1040360672754465
  PASS   [M] 1.5b c4en axis L6 excess_mean == mean(per-position excess)   expected='recomputes'   actual=0.10522122437336515
  PASS   [M] 1.5b c4en axis L7 excess_mean == mean(per-position excess)   expected='recomputes'   actual=0.10891656711019598
  PASS   [M] 1.5b c4en axis L8 excess_mean == mean(per-position excess)   expected='recomputes'   actual=0.1144710961934286
  PASS   [M] 1.5b c4en axis L9 excess_mean == mean(per-position excess)   expected='recomputes'   actual=0.11177162502877722
  PASS   [M] 1.5b c4en axis L10 excess_mean == mean(per-position excess)   expected='recomputes'   actual=0.11615243745968716
  PASS   [M] 1.5b c4en axis L11 excess_mean == mean(per-position excess)   expected='recomputes'   actual=0.10337370133929998
  PASS   [M] 1.5b c4en axis L12 excess_mean == mean(per-position excess)   expected='recomputes'   actual=0.09672229479779976
  PASS   [M] 1.5b c4en axis L13 excess_mean == mean(per-position excess)   expected='recomputes'   actual=0.08998752488074642
  PASS   [M] 1.5b c4en axis L14 excess_mean == mean(per-position excess)   expected='recomputes'   actual=0.08233347665933002
  PASS   [M] 1.5b c4en axis L15 excess_mean == mean(per-position excess)   expected='recomputes'   actual=0.0776692945374812
  PASS   [M] 1.5b c4en axis L16 excess_mean == mean(per-position excess)   expected='recomputes'   actual=0.0735268177465189
  PASS   [M] 1.5b c4en axis L17 excess_mean == mean(per-position excess)   expected='recomputes'   actual=0.08457807415831858
  PASS   [M] 1.5b c4en axis L18 excess_mean == mean(per-position excess)   expected='recomputes'   actual=0.09331310151491537
  PASS   [M] 1.5b c4en axis L19 excess_mean == mean(per-position excess)   expected='recomputes'   actual=0.10214827381989137
  PASS   [M] 1.5b c4en axis L20 excess_mean == mean(per-position excess)   expected='recomputes'   actual=0.10137246886175759
  PASS   [M] 1.5b c4en axis L21 excess_mean == mean(per-position excess)   expected='recomputes'   actual=0.10823085301027285
  PASS   [M] 1.5b c4en axis L22 excess_mean == mean(per-position excess)   expected='recomputes'   actual=0.10098705995465251
  PASS   [M] 1.5b c4en axis L23 excess_mean == mean(per-position excess)   expected='recomputes'   actual=0.09296420090508577
  PASS   [M] 1.5b c4en axis L24 excess_mean == mean(per-position excess)   expected='recomputes'   actual=0.08534699263637663
  PASS   [M] 1.5b c4en axis L25 excess_mean == mean(per-position excess)   expected='recomputes'   actual=0.07685527070638941
  PASS   [M] 1.5b c4en axis L26 excess_mean == mean(per-position excess)   expected='recomputes'   actual=0.05540660451316327
  PASS   [M] 1.5b c4en axis L21 excess_mean   expected=0.1082   actual=0.1082
  PASS   [M] 1.5b c4en axis L21 P(bootstrap mean > 10%) == 1.0   expected=1.0   actual=1.0
  PASS   [M] 1.5b c4en axis L0 excess_mean == fve_topK_mean - fve_rand_mean   expected='identity'   actual=0.15419037341785352
  PASS   [M] 1.5b c4en axis L1 excess_mean == fve_topK_mean - fve_rand_mean   expected='identity'   actual=0.12536956205006916
  PASS   [M] 1.5b c4en axis L2 excess_mean == fve_topK_mean - fve_rand_mean   expected='identity'   actual=0.131651270780212
  PASS   [M] 1.5b c4en axis L3 excess_mean == fve_topK_mean - fve_rand_mean   expected='identity'   actual=0.11865589749596672
  PASS   [M] 1.5b c4en axis L4 excess_mean == fve_topK_mean - fve_rand_mean   expected='identity'   actual=0.10507324182652437
  PASS   [M] 1.5b c4en axis L5 excess_mean == fve_topK_mean - fve_rand_mean   expected='identity'   actual=0.10403606727544648
  PASS   [M] 1.5b c4en axis L6 excess_mean == fve_topK_mean - fve_rand_mean   expected='identity'   actual=0.10522122437336513
  PASS   [M] 1.5b c4en axis L7 excess_mean == fve_topK_mean - fve_rand_mean   expected='identity'   actual=0.108916567110196
  PASS   [M] 1.5b c4en axis L8 excess_mean == fve_topK_mean - fve_rand_mean   expected='identity'   actual=0.1144710961934286
  PASS   [M] 1.5b c4en axis L9 excess_mean == fve_topK_mean - fve_rand_mean   expected='identity'   actual=0.11177162502877722
  PASS   [M] 1.5b c4en axis L10 excess_mean == fve_topK_mean - fve_rand_mean   expected='identity'   actual=0.11615243745968719
  PASS   [M] 1.5b c4en axis L11 excess_mean == fve_topK_mean - fve_rand_mean   expected='identity'   actual=0.10337370133929998
  PASS   [M] 1.5b c4en axis L12 excess_mean == fve_topK_mean - fve_rand_mean   expected='identity'   actual=0.09672229479779976
  PASS   [M] 1.5b c4en axis L13 excess_mean == fve_topK_mean - fve_rand_mean   expected='identity'   actual=0.08998752488074643
  PASS   [M] 1.5b c4en axis L14 excess_mean == fve_topK_mean - fve_rand_mean   expected='identity'   actual=0.08233347665933001
  PASS   [M] 1.5b c4en axis L15 excess_mean == fve_topK_mean - fve_rand_mean   expected='identity'   actual=0.07766929453748118
  PASS   [M] 1.5b c4en axis L16 excess_mean == fve_topK_mean - fve_rand_mean   expected='identity'   actual=0.0735268177465189
  PASS   [M] 1.5b c4en axis L17 excess_mean == fve_topK_mean - fve_rand_mean   expected='identity'   actual=0.08457807415831858
  PASS   [M] 1.5b c4en axis L18 excess_mean == fve_topK_mean - fve_rand_mean   expected='identity'   actual=0.09331310151491537
  PASS   [M] 1.5b c4en axis L19 excess_mean == fve_topK_mean - fve_rand_mean   expected='identity'   actual=0.10214827381989137
  PASS   [M] 1.5b c4en axis L20 excess_mean == fve_topK_mean - fve_rand_mean   expected='identity'   actual=0.1013724688617576
  PASS   [M] 1.5b c4en axis L21 excess_mean == fve_topK_mean - fve_rand_mean   expected='identity'   actual=0.10823085301027288
  PASS   [M] 1.5b c4en axis L22 excess_mean == fve_topK_mean - fve_rand_mean   expected='identity'   actual=0.10098705995465251
  PASS   [M] 1.5b c4en axis L23 excess_mean == fve_topK_mean - fve_rand_mean   expected='identity'   actual=0.09296420090508578
  PASS   [M] 1.5b c4en axis L24 excess_mean == fve_topK_mean - fve_rand_mean   expected='identity'   actual=0.08534699263637664
  PASS   [M] 1.5b c4en axis L25 excess_mean == fve_topK_mean - fve_rand_mean   expected='identity'   actual=0.07685527070638941
  PASS   [M] 1.5b c4en axis L26 excess_mean == fve_topK_mean - fve_rand_mean   expected='identity'   actual=0.05540660451316326
  PASS   [M] 1.5b c4en axis K_median_occ in [23,25] all layers   expected='[23,25]'   actual='[24,25]'
  PASS   [M] 1.5b nf4 axis replicated varfrac bit-exact vs committed scan   expected='0.0'   actual=0.0
  PASS   [M] 1.5b nf4 axis L0 excess_mean == mean(per-position excess)   expected='recomputes'   actual=0.09170057007313209
  PASS   [M] 1.5b nf4 axis L1 excess_mean == mean(per-position excess)   expected='recomputes'   actual=0.06911852464033393
  PASS   [M] 1.5b nf4 axis L2 excess_mean == mean(per-position excess)   expected='recomputes'   actual=0.07088568504419072
  PASS   [M] 1.5b nf4 axis L3 excess_mean == mean(per-position excess)   expected='recomputes'   actual=0.06709419854118744
  PASS   [M] 1.5b nf4 axis L4 excess_mean == mean(per-position excess)   expected='recomputes'   actual=0.060202963518491734
  PASS   [M] 1.5b nf4 axis L5 excess_mean == mean(per-position excess)   expected='recomputes'   actual=0.06516080664641297
  PASS   [M] 1.5b nf4 axis L6 excess_mean == mean(per-position excess)   expected='recomputes'   actual=0.06575152721122138
  PASS   [M] 1.5b nf4 axis L7 excess_mean == mean(per-position excess)   expected='recomputes'   actual=0.07343563688471502
  PASS   [M] 1.5b nf4 axis L8 excess_mean == mean(per-position excess)   expected='recomputes'   actual=0.07578058907717544
  PASS   [M] 1.5b nf4 axis L9 excess_mean == mean(per-position excess)   expected='recomputes'   actual=0.07219449804238734
  PASS   [M] 1.5b nf4 axis L10 excess_mean == mean(per-position excess)   expected='recomputes'   actual=0.07817894970642637
  PASS   [M] 1.5b nf4 axis L11 excess_mean == mean(per-position excess)   expected='recomputes'   actual=0.07347832467648008
  PASS   [M] 1.5b nf4 axis L12 excess_mean == mean(per-position excess)   expected='recomputes'   actual=0.06677528526410702
  PASS   [M] 1.5b nf4 axis L13 excess_mean == mean(per-position excess)   expected='recomputes'   actual=0.060540691063687396
  PASS   [M] 1.5b nf4 axis L14 excess_mean == mean(per-position excess)   expected='recomputes'   actual=0.05641028849530479
  PASS   [M] 1.5b nf4 axis L15 excess_mean == mean(per-position excess)   expected='recomputes'   actual=0.05777271849521798
  PASS   [M] 1.5b nf4 axis L16 excess_mean == mean(per-position excess)   expected='recomputes'   actual=0.05711512886899648
  PASS   [M] 1.5b nf4 axis L17 excess_mean == mean(per-position excess)   expected='recomputes'   actual=0.07047415873475736
  PASS   [M] 1.5b nf4 axis L18 excess_mean == mean(per-position excess)   expected='recomputes'   actual=0.07848928238014061
  PASS   [M] 1.5b nf4 axis L19 excess_mean == mean(per-position excess)   expected='recomputes'   actual=0.09366876486798324
  PASS   [M] 1.5b nf4 axis L20 excess_mean == mean(per-position excess)   expected='recomputes'   actual=0.09611280225363875
  PASS   [M] 1.5b nf4 axis L21 excess_mean == mean(per-position excess)   expected='recomputes'   actual=0.10830425320503667
  PASS   [M] 1.5b nf4 axis L22 excess_mean == mean(per-position excess)   expected='recomputes'   actual=0.10006083182771404
  PASS   [M] 1.5b nf4 axis L23 excess_mean == mean(per-position excess)   expected='recomputes'   actual=0.09248529857238207
  PASS   [M] 1.5b nf4 axis L24 excess_mean == mean(per-position excess)   expected='recomputes'   actual=0.08548498287511767
  PASS   [M] 1.5b nf4 axis L25 excess_mean == mean(per-position excess)   expected='recomputes'   actual=0.07694982810956723
  PASS   [M] 1.5b nf4 axis L26 excess_mean == mean(per-position excess)   expected='recomputes'   actual=0.055396859652655894
  PASS   [M] 1.5b nf4 axis L21 excess_mean   expected=0.1083   actual=0.1083
  PASS   [M] 1.5b nf4 axis L21 P(bootstrap mean > 10%) == 1.0   expected=1.0   actual=1.0
  PASS   [M] 1.5b nf4 axis L0 excess_mean == fve_topK_mean - fve_rand_mean   expected='identity'   actual=0.09170057007313209
  PASS   [M] 1.5b nf4 axis L1 excess_mean == fve_topK_mean - fve_rand_mean   expected='identity'   actual=0.06911852464033393
  PASS   [M] 1.5b nf4 axis L2 excess_mean == fve_topK_mean - fve_rand_mean   expected='identity'   actual=0.07088568504419074
  PASS   [M] 1.5b nf4 axis L3 excess_mean == fve_topK_mean - fve_rand_mean   expected='identity'   actual=0.06709419854118745
  PASS   [M] 1.5b nf4 axis L4 excess_mean == fve_topK_mean - fve_rand_mean   expected='identity'   actual=0.06020296351849175
  PASS   [M] 1.5b nf4 axis L5 excess_mean == fve_topK_mean - fve_rand_mean   expected='identity'   actual=0.06516080664641294
  PASS   [M] 1.5b nf4 axis L6 excess_mean == fve_topK_mean - fve_rand_mean   expected='identity'   actual=0.06575152721122138
  PASS   [M] 1.5b nf4 axis L7 excess_mean == fve_topK_mean - fve_rand_mean   expected='identity'   actual=0.07343563688471502
  PASS   [M] 1.5b nf4 axis L8 excess_mean == fve_topK_mean - fve_rand_mean   expected='identity'   actual=0.07578058907717544
  PASS   [M] 1.5b nf4 axis L9 excess_mean == fve_topK_mean - fve_rand_mean   expected='identity'   actual=0.07219449804238734
  PASS   [M] 1.5b nf4 axis L10 excess_mean == fve_topK_mean - fve_rand_mean   expected='identity'   actual=0.07817894970642637
  PASS   [M] 1.5b nf4 axis L11 excess_mean == fve_topK_mean - fve_rand_mean   expected='identity'   actual=0.07347832467648009
  PASS   [M] 1.5b nf4 axis L12 excess_mean == fve_topK_mean - fve_rand_mean   expected='identity'   actual=0.06677528526410703
  PASS   [M] 1.5b nf4 axis L13 excess_mean == fve_topK_mean - fve_rand_mean   expected='identity'   actual=0.060540691063687396
  PASS   [M] 1.5b nf4 axis L14 excess_mean == fve_topK_mean - fve_rand_mean   expected='identity'   actual=0.056410288495304786
  PASS   [M] 1.5b nf4 axis L15 excess_mean == fve_topK_mean - fve_rand_mean   expected='identity'   actual=0.05777271849521798
  PASS   [M] 1.5b nf4 axis L16 excess_mean == fve_topK_mean - fve_rand_mean   expected='identity'   actual=0.05711512886899649
  PASS   [M] 1.5b nf4 axis L17 excess_mean == fve_topK_mean - fve_rand_mean   expected='identity'   actual=0.07047415873475738
  PASS   [M] 1.5b nf4 axis L18 excess_mean == fve_topK_mean - fve_rand_mean   expected='identity'   actual=0.07848928238014062
  PASS   [M] 1.5b nf4 axis L19 excess_mean == fve_topK_mean - fve_rand_mean   expected='identity'   actual=0.09366876486798323
  PASS   [M] 1.5b nf4 axis L20 excess_mean == fve_topK_mean - fve_rand_mean   expected='identity'   actual=0.09611280225363873
  PASS   [M] 1.5b nf4 axis L21 excess_mean == fve_topK_mean - fve_rand_mean   expected='identity'   actual=0.10830425320503666
  PASS   [M] 1.5b nf4 axis L22 excess_mean == fve_topK_mean - fve_rand_mean   expected='identity'   actual=0.10006083182771403
  PASS   [M] 1.5b nf4 axis L23 excess_mean == fve_topK_mean - fve_rand_mean   expected='identity'   actual=0.09248529857238205
  PASS   [M] 1.5b nf4 axis L24 excess_mean == fve_topK_mean - fve_rand_mean   expected='identity'   actual=0.08548498287511767
  PASS   [M] 1.5b nf4 axis L25 excess_mean == fve_topK_mean - fve_rand_mean   expected='identity'   actual=0.07694982810956723
  PASS   [M] 1.5b nf4 axis L26 excess_mean == fve_topK_mean - fve_rand_mean   expected='identity'   actual=0.055396859652655894
  PASS   [M] 1.5b nf4 axis K_median_occ in [23,25] all layers   expected='[23,25]'   actual='[24,25]'
  PASS   [M] 1.5b n500 axis replicated varfrac bit-exact vs committed scan   expected='0.0'   actual=0.0
  PASS   [M] 1.5b n500 axis L0 excess_mean == mean(per-position excess)   expected='recomputes'   actual=0.08813331809696077
  PASS   [M] 1.5b n500 axis L1 excess_mean == mean(per-position excess)   expected='recomputes'   actual=0.0641859534608584
  PASS   [M] 1.5b n500 axis L2 excess_mean == mean(per-position excess)   expected='recomputes'   actual=0.06645528187462338
  PASS   [M] 1.5b n500 axis L3 excess_mean == mean(per-position excess)   expected='recomputes'   actual=0.06542339576180532
  PASS   [M] 1.5b n500 axis L4 excess_mean == mean(per-position excess)   expected='recomputes'   actual=0.05857463479932158
  PASS   [M] 1.5b n500 axis L5 excess_mean == mean(per-position excess)   expected='recomputes'   actual=0.0620974947400351
  PASS   [M] 1.5b n500 axis L6 excess_mean == mean(per-position excess)   expected='recomputes'   actual=0.06297151185992841
  PASS   [M] 1.5b n500 axis L7 excess_mean == mean(per-position excess)   expected='recomputes'   actual=0.0714355445573483
  PASS   [M] 1.5b n500 axis L8 excess_mean == mean(per-position excess)   expected='recomputes'   actual=0.07424287718319479
  PASS   [M] 1.5b n500 axis L9 excess_mean == mean(per-position excess)   expected='recomputes'   actual=0.07036337095764506
  PASS   [M] 1.5b n500 axis L10 excess_mean == mean(per-position excess)   expected='recomputes'   actual=0.07710580597854573
  PASS   [M] 1.5b n500 axis L11 excess_mean == mean(per-position excess)   expected='recomputes'   actual=0.0724131152499808
  PASS   [M] 1.5b n500 axis L12 excess_mean == mean(per-position excess)   expected='recomputes'   actual=0.06572042832357829
  PASS   [M] 1.5b n500 axis L13 excess_mean == mean(per-position excess)   expected='recomputes'   actual=0.05940494620554994
  PASS   [M] 1.5b n500 axis L14 excess_mean == mean(per-position excess)   expected='recomputes'   actual=0.0547730168977303
  PASS   [M] 1.5b n500 axis L15 excess_mean == mean(per-position excess)   expected='recomputes'   actual=0.057844501384304185
  PASS   [M] 1.5b n500 axis L16 excess_mean == mean(per-position excess)   expected='recomputes'   actual=0.05742081820207521
  PASS   [M] 1.5b n500 axis L17 excess_mean == mean(per-position excess)   expected='recomputes'   actual=0.06955123674735209
  PASS   [M] 1.5b n500 axis L18 excess_mean == mean(per-position excess)   expected='recomputes'   actual=0.07799362187029875
  PASS   [M] 1.5b n500 axis L19 excess_mean == mean(per-position excess)   expected='recomputes'   actual=0.09339259225896855
  PASS   [M] 1.5b n500 axis L20 excess_mean == mean(per-position excess)   expected='recomputes'   actual=0.09538120573171703
  PASS   [M] 1.5b n500 axis L21 excess_mean == mean(per-position excess)   expected='recomputes'   actual=0.10688001470530432
  PASS   [M] 1.5b n500 axis L22 excess_mean == mean(per-position excess)   expected='recomputes'   actual=0.09856175721353899
  PASS   [M] 1.5b n500 axis L23 excess_mean == mean(per-position excess)   expected='recomputes'   actual=0.09129472218191638
  PASS   [M] 1.5b n500 axis L24 excess_mean == mean(per-position excess)   expected='recomputes'   actual=0.08428730579369834
  PASS   [M] 1.5b n500 axis L25 excess_mean == mean(per-position excess)   expected='recomputes'   actual=0.0758124474481153
  PASS   [M] 1.5b n500 axis L26 excess_mean == mean(per-position excess)   expected='recomputes'   actual=0.054619322506851614
  PASS   [M] 1.5b n500 axis L21 excess_mean   expected=0.1069   actual=0.1069
  PASS   [M] 1.5b n500 axis L21 P(bootstrap mean > 10%) == 1.0   expected=1.0   actual=1.0
  PASS   [M] 1.5b n500 axis L0 excess_mean == fve_topK_mean - fve_rand_mean   expected='identity'   actual=0.08813331809696075
  PASS   [M] 1.5b n500 axis L1 excess_mean == fve_topK_mean - fve_rand_mean   expected='identity'   actual=0.0641859534608584
  PASS   [M] 1.5b n500 axis L2 excess_mean == fve_topK_mean - fve_rand_mean   expected='identity'   actual=0.06645528187462336
  PASS   [M] 1.5b n500 axis L3 excess_mean == fve_topK_mean - fve_rand_mean   expected='identity'   actual=0.06542339576180532
  PASS   [M] 1.5b n500 axis L4 excess_mean == fve_topK_mean - fve_rand_mean   expected='identity'   actual=0.05857463479932159
  PASS   [M] 1.5b n500 axis L5 excess_mean == fve_topK_mean - fve_rand_mean   expected='identity'   actual=0.0620974947400351
  PASS   [M] 1.5b n500 axis L6 excess_mean == fve_topK_mean - fve_rand_mean   expected='identity'   actual=0.06297151185992841
  PASS   [M] 1.5b n500 axis L7 excess_mean == fve_topK_mean - fve_rand_mean   expected='identity'   actual=0.0714355445573483
  PASS   [M] 1.5b n500 axis L8 excess_mean == fve_topK_mean - fve_rand_mean   expected='identity'   actual=0.0742428771831948
  PASS   [M] 1.5b n500 axis L9 excess_mean == fve_topK_mean - fve_rand_mean   expected='identity'   actual=0.07036337095764506
  PASS   [M] 1.5b n500 axis L10 excess_mean == fve_topK_mean - fve_rand_mean   expected='identity'   actual=0.07710580597854574
  PASS   [M] 1.5b n500 axis L11 excess_mean == fve_topK_mean - fve_rand_mean   expected='identity'   actual=0.0724131152499808
  PASS   [M] 1.5b n500 axis L12 excess_mean == fve_topK_mean - fve_rand_mean   expected='identity'   actual=0.06572042832357829
  PASS   [M] 1.5b n500 axis L13 excess_mean == fve_topK_mean - fve_rand_mean   expected='identity'   actual=0.05940494620554992
  PASS   [M] 1.5b n500 axis L14 excess_mean == fve_topK_mean - fve_rand_mean   expected='identity'   actual=0.054773016897730294
  PASS   [M] 1.5b n500 axis L15 excess_mean == fve_topK_mean - fve_rand_mean   expected='identity'   actual=0.05784450138430419
  PASS   [M] 1.5b n500 axis L16 excess_mean == fve_topK_mean - fve_rand_mean   expected='identity'   actual=0.0574208182020752
  PASS   [M] 1.5b n500 axis L17 excess_mean == fve_topK_mean - fve_rand_mean   expected='identity'   actual=0.06955123674735211
  PASS   [M] 1.5b n500 axis L18 excess_mean == fve_topK_mean - fve_rand_mean   expected='identity'   actual=0.07799362187029875
  PASS   [M] 1.5b n500 axis L19 excess_mean == fve_topK_mean - fve_rand_mean   expected='identity'   actual=0.09339259225896854
  PASS   [M] 1.5b n500 axis L20 excess_mean == fve_topK_mean - fve_rand_mean   expected='identity'   actual=0.09538120573171702
  PASS   [M] 1.5b n500 axis L21 excess_mean == fve_topK_mean - fve_rand_mean   expected='identity'   actual=0.10688001470530437
  PASS   [M] 1.5b n500 axis L22 excess_mean == fve_topK_mean - fve_rand_mean   expected='identity'   actual=0.09856175721353898
  PASS   [M] 1.5b n500 axis L23 excess_mean == fve_topK_mean - fve_rand_mean   expected='identity'   actual=0.0912947221819164
  PASS   [M] 1.5b n500 axis L24 excess_mean == fve_topK_mean - fve_rand_mean   expected='identity'   actual=0.08428730579369834
  PASS   [M] 1.5b n500 axis L25 excess_mean == fve_topK_mean - fve_rand_mean   expected='identity'   actual=0.07581244744811529
  PASS   [M] 1.5b n500 axis L26 excess_mean == fve_topK_mean - fve_rand_mean   expected='identity'   actual=0.05461932250685163
  PASS   [M] 1.5b n500 axis K_median_occ in [23,25] all layers   expected='[23,25]'   actual='[24,25]'
  PASS   [M] 1.5b heldout axis replicated varfrac bit-exact vs committed scan   expected='0.0'   actual=0.0
  PASS   [M] 1.5b heldout axis L0 excess_mean == mean(per-position excess)   expected='recomputes'   actual=0.10043959735247364
  PASS   [M] 1.5b heldout axis L1 excess_mean == mean(per-position excess)   expected='recomputes'   actual=0.07668257515480133
  PASS   [M] 1.5b heldout axis L2 excess_mean == mean(per-position excess)   expected='recomputes'   actual=0.07724481450612318
  PASS   [M] 1.5b heldout axis L3 excess_mean == mean(per-position excess)   expected='recomputes'   actual=0.07272323169928449
  PASS   [M] 1.5b heldout axis L4 excess_mean == mean(per-position excess)   expected='recomputes'   actual=0.07204745839910952
  PASS   [M] 1.5b heldout axis L5 excess_mean == mean(per-position excess)   expected='recomputes'   actual=0.07471503408180716
  PASS   [M] 1.5b heldout axis L6 excess_mean == mean(per-position excess)   expected='recomputes'   actual=0.07623005326489653
  PASS   [M] 1.5b heldout axis L7 excess_mean == mean(per-position excess)   expected='recomputes'   actual=0.08531146398702295
  PASS   [M] 1.5b heldout axis L8 excess_mean == mean(per-position excess)   expected='recomputes'   actual=0.08919908612973695
  PASS   [M] 1.5b heldout axis L9 excess_mean == mean(per-position excess)   expected='recomputes'   actual=0.08692471272479062
  PASS   [M] 1.5b heldout axis L10 excess_mean == mean(per-position excess)   expected='recomputes'   actual=0.09333458253011957
  PASS   [M] 1.5b heldout axis L11 excess_mean == mean(per-position excess)   expected='recomputes'   actual=0.08823782771684885
  PASS   [M] 1.5b heldout axis L12 excess_mean == mean(per-position excess)   expected='recomputes'   actual=0.08023195408350321
  PASS   [M] 1.5b heldout axis L13 excess_mean == mean(per-position excess)   expected='recomputes'   actual=0.07678368332599832
  PASS   [M] 1.5b heldout axis L14 excess_mean == mean(per-position excess)   expected='recomputes'   actual=0.07147018355511978
  PASS   [M] 1.5b heldout axis L15 excess_mean == mean(per-position excess)   expected='recomputes'   actual=0.07262275597305698
  PASS   [M] 1.5b heldout axis L16 excess_mean == mean(per-position excess)   expected='recomputes'   actual=0.06995621317103308
  PASS   [M] 1.5b heldout axis L17 excess_mean == mean(per-position excess)   expected='recomputes'   actual=0.08334842470227331
  PASS   [M] 1.5b heldout axis L18 excess_mean == mean(per-position excess)   expected='recomputes'   actual=0.08913076297446453
  PASS   [M] 1.5b heldout axis L19 excess_mean == mean(per-position excess)   expected='recomputes'   actual=0.10312545843063087
  PASS   [M] 1.5b heldout axis L20 excess_mean == mean(per-position excess)   expected='recomputes'   actual=0.10623397411366278
  PASS   [M] 1.5b heldout axis L21 excess_mean == mean(per-position excess)   expected='recomputes'   actual=0.11688872287489203
  PASS   [M] 1.5b heldout axis L22 excess_mean == mean(per-position excess)   expected='recomputes'   actual=0.11142915626367064
  PASS   [M] 1.5b heldout axis L23 excess_mean == mean(per-position excess)   expected='recomputes'   actual=0.10719457275183428
  PASS   [M] 1.5b heldout axis L24 excess_mean == mean(per-position excess)   expected='recomputes'   actual=0.0988515692821458
  PASS   [M] 1.5b heldout axis L25 excess_mean == mean(per-position excess)   expected='recomputes'   actual=0.09474012097607724
  PASS   [M] 1.5b heldout axis L26 excess_mean == mean(per-position excess)   expected='recomputes'   actual=0.07278975771813942
  PASS   [M] 1.5b heldout axis L21 excess_mean   expected=0.117   actual=0.1169
  PASS   [M] 1.5b heldout axis L21 P(bootstrap mean > 10%) == 1.0   expected=1.0   actual=1.0
  PASS   [M] 1.5b heldout axis L0 excess_mean == fve_topK_mean - fve_rand_mean   expected='identity'   actual=0.10043959735247367
  PASS   [M] 1.5b heldout axis L1 excess_mean == fve_topK_mean - fve_rand_mean   expected='identity'   actual=0.07668257515480134
  PASS   [M] 1.5b heldout axis L2 excess_mean == fve_topK_mean - fve_rand_mean   expected='identity'   actual=0.07724481450612321
  PASS   [M] 1.5b heldout axis L3 excess_mean == fve_topK_mean - fve_rand_mean   expected='identity'   actual=0.07272323169928449
  PASS   [M] 1.5b heldout axis L4 excess_mean == fve_topK_mean - fve_rand_mean   expected='identity'   actual=0.07204745839910952
  PASS   [M] 1.5b heldout axis L5 excess_mean == fve_topK_mean - fve_rand_mean   expected='identity'   actual=0.07471503408180716
  PASS   [M] 1.5b heldout axis L6 excess_mean == fve_topK_mean - fve_rand_mean   expected='identity'   actual=0.07623005326489651
  PASS   [M] 1.5b heldout axis L7 excess_mean == fve_topK_mean - fve_rand_mean   expected='identity'   actual=0.08531146398702297
  PASS   [M] 1.5b heldout axis L8 excess_mean == fve_topK_mean - fve_rand_mean   expected='identity'   actual=0.08919908612973698
  PASS   [M] 1.5b heldout axis L9 excess_mean == fve_topK_mean - fve_rand_mean   expected='identity'   actual=0.08692471272479063
  PASS   [M] 1.5b heldout axis L10 excess_mean == fve_topK_mean - fve_rand_mean   expected='identity'   actual=0.09333458253011957
  PASS   [M] 1.5b heldout axis L11 excess_mean == fve_topK_mean - fve_rand_mean   expected='identity'   actual=0.08823782771684885
  PASS   [M] 1.5b heldout axis L12 excess_mean == fve_topK_mean - fve_rand_mean   expected='identity'   actual=0.08023195408350323
  PASS   [M] 1.5b heldout axis L13 excess_mean == fve_topK_mean - fve_rand_mean   expected='identity'   actual=0.07678368332599833
  PASS   [M] 1.5b heldout axis L14 excess_mean == fve_topK_mean - fve_rand_mean   expected='identity'   actual=0.07147018355511975
  PASS   [M] 1.5b heldout axis L15 excess_mean == fve_topK_mean - fve_rand_mean   expected='identity'   actual=0.07262275597305697
  PASS   [M] 1.5b heldout axis L16 excess_mean == fve_topK_mean - fve_rand_mean   expected='identity'   actual=0.0699562131710331
  PASS   [M] 1.5b heldout axis L17 excess_mean == fve_topK_mean - fve_rand_mean   expected='identity'   actual=0.08334842470227333
  PASS   [M] 1.5b heldout axis L18 excess_mean == fve_topK_mean - fve_rand_mean   expected='identity'   actual=0.08913076297446453
  PASS   [M] 1.5b heldout axis L19 excess_mean == fve_topK_mean - fve_rand_mean   expected='identity'   actual=0.10312545843063088
  PASS   [M] 1.5b heldout axis L20 excess_mean == fve_topK_mean - fve_rand_mean   expected='identity'   actual=0.1062339741136628
  PASS   [M] 1.5b heldout axis L21 excess_mean == fve_topK_mean - fve_rand_mean   expected='identity'   actual=0.11688872287489206
  PASS   [M] 1.5b heldout axis L22 excess_mean == fve_topK_mean - fve_rand_mean   expected='identity'   actual=0.11142915626367067
  PASS   [M] 1.5b heldout axis L23 excess_mean == fve_topK_mean - fve_rand_mean   expected='identity'   actual=0.10719457275183428
  PASS   [M] 1.5b heldout axis L24 excess_mean == fve_topK_mean - fve_rand_mean   expected='identity'   actual=0.0988515692821458
  PASS   [M] 1.5b heldout axis L25 excess_mean == fve_topK_mean - fve_rand_mean   expected='identity'   actual=0.09474012097607724
  PASS   [M] 1.5b heldout axis L26 excess_mean == fve_topK_mean - fve_rand_mean   expected='identity'   actual=0.07278975771813943
  PASS   [M] 1.5b heldout axis K_median_occ in [23,25] all layers   expected='[23,25]'   actual='[24,25]'
  PASS   [M] 7b heldout axis replicated varfrac bit-exact vs committed scan   expected='0.0'   actual=0.0
  PASS   [M] 7b heldout axis L0 excess_mean == mean(per-position excess)   expected='recomputes'   actual=0.029913446139823878
  PASS   [M] 7b heldout axis L1 excess_mean == mean(per-position excess)   expected='recomputes'   actual=0.027105190665289762
  PASS   [M] 7b heldout axis L2 excess_mean == mean(per-position excess)   expected='recomputes'   actual=0.027382580294920505
  PASS   [M] 7b heldout axis L3 excess_mean == mean(per-position excess)   expected='recomputes'   actual=0.02580401533853167
  PASS   [M] 7b heldout axis L4 excess_mean == mean(per-position excess)   expected='recomputes'   actual=0.02690867482878524
  PASS   [M] 7b heldout axis L5 excess_mean == mean(per-position excess)   expected='recomputes'   actual=0.026514219478079068
  PASS   [M] 7b heldout axis L6 excess_mean == mean(per-position excess)   expected='recomputes'   actual=0.02833013339604546
  PASS   [M] 7b heldout axis L7 excess_mean == mean(per-position excess)   expected='recomputes'   actual=0.03214312143595866
  PASS   [M] 7b heldout axis L8 excess_mean == mean(per-position excess)   expected='recomputes'   actual=0.033850633030704486
  PASS   [M] 7b heldout axis L9 excess_mean == mean(per-position excess)   expected='recomputes'   actual=0.03307652479654739
  PASS   [M] 7b heldout axis L10 excess_mean == mean(per-position excess)   expected='recomputes'   actual=0.0356178105699604
  PASS   [M] 7b heldout axis L11 excess_mean == mean(per-position excess)   expected='recomputes'   actual=0.035430607973266984
  PASS   [M] 7b heldout axis L12 excess_mean == mean(per-position excess)   expected='recomputes'   actual=0.0361019592478017
  PASS   [M] 7b heldout axis L13 excess_mean == mean(per-position excess)   expected='recomputes'   actual=0.0365942618283902
  PASS   [M] 7b heldout axis L14 excess_mean == mean(per-position excess)   expected='recomputes'   actual=0.037678034874707104
  PASS   [M] 7b heldout axis L15 excess_mean == mean(per-position excess)   expected='recomputes'   actual=0.0334296529146115
  PASS   [M] 7b heldout axis L16 excess_mean == mean(per-position excess)   expected='recomputes'   actual=0.03204990009450461
  PASS   [M] 7b heldout axis L17 excess_mean == mean(per-position excess)   expected='recomputes'   actual=0.02935350101620898
  PASS   [M] 7b heldout axis L18 excess_mean == mean(per-position excess)   expected='recomputes'   actual=0.03653133534670281
  PASS   [M] 7b heldout axis L19 excess_mean == mean(per-position excess)   expected='recomputes'   actual=0.0442621740977649
  PASS   [M] 7b heldout axis L20 excess_mean == mean(per-position excess)   expected='recomputes'   actual=0.0496331419902917
  PASS   [M] 7b heldout axis L21 excess_mean == mean(per-position excess)   expected='recomputes'   actual=0.05264155864282934
  PASS   [M] 7b heldout axis L22 excess_mean == mean(per-position excess)   expected='recomputes'   actual=0.05674110233110752
  PASS   [M] 7b heldout axis L23 excess_mean == mean(per-position excess)   expected='recomputes'   actual=0.05882507752820257
  PASS   [M] 7b heldout axis L24 excess_mean == mean(per-position excess)   expected='recomputes'   actual=0.05498358997496723
  PASS   [M] 7b heldout axis L25 excess_mean == mean(per-position excess)   expected='recomputes'   actual=0.05583287375811881
  PASS   [M] 7b heldout axis L26 excess_mean == mean(per-position excess)   expected='recomputes'   actual=0.0516705447179859
  PASS   [M] 7b heldout axis L23 excess_mean   expected=0.0588   actual=0.0588
  PASS   [M] 7b heldout axis L23 P(bootstrap mean > 10%) == 0.0   expected=0.0   actual=0.0
  PASS   [M] 7b heldout axis L0 excess_mean == fve_topK_mean - fve_rand_mean   expected='identity'   actual=0.029913446139823874
  PASS   [M] 7b heldout axis L1 excess_mean == fve_topK_mean - fve_rand_mean   expected='identity'   actual=0.027105190665289762
  PASS   [M] 7b heldout axis L2 excess_mean == fve_topK_mean - fve_rand_mean   expected='identity'   actual=0.027382580294920505
  PASS   [M] 7b heldout axis L3 excess_mean == fve_topK_mean - fve_rand_mean   expected='identity'   actual=0.025804015338531668
  PASS   [M] 7b heldout axis L4 excess_mean == fve_topK_mean - fve_rand_mean   expected='identity'   actual=0.026908674828785232
  PASS   [M] 7b heldout axis L5 excess_mean == fve_topK_mean - fve_rand_mean   expected='identity'   actual=0.026514219478079068
  PASS   [M] 7b heldout axis L6 excess_mean == fve_topK_mean - fve_rand_mean   expected='identity'   actual=0.028330133396045464
  PASS   [M] 7b heldout axis L7 excess_mean == fve_topK_mean - fve_rand_mean   expected='identity'   actual=0.03214312143595867
  PASS   [M] 7b heldout axis L8 excess_mean == fve_topK_mean - fve_rand_mean   expected='identity'   actual=0.033850633030704486
  PASS   [M] 7b heldout axis L9 excess_mean == fve_topK_mean - fve_rand_mean   expected='identity'   actual=0.03307652479654739
  PASS   [M] 7b heldout axis L10 excess_mean == fve_topK_mean - fve_rand_mean   expected='identity'   actual=0.03561781056996038
  PASS   [M] 7b heldout axis L11 excess_mean == fve_topK_mean - fve_rand_mean   expected='identity'   actual=0.03543060797326698
  PASS   [M] 7b heldout axis L12 excess_mean == fve_topK_mean - fve_rand_mean   expected='identity'   actual=0.0361019592478017
  PASS   [M] 7b heldout axis L13 excess_mean == fve_topK_mean - fve_rand_mean   expected='identity'   actual=0.03659426182839021
  PASS   [M] 7b heldout axis L14 excess_mean == fve_topK_mean - fve_rand_mean   expected='identity'   actual=0.03767803487470711
  PASS   [M] 7b heldout axis L15 excess_mean == fve_topK_mean - fve_rand_mean   expected='identity'   actual=0.0334296529146115
  PASS   [M] 7b heldout axis L16 excess_mean == fve_topK_mean - fve_rand_mean   expected='identity'   actual=0.03204990009450461
  PASS   [M] 7b heldout axis L17 excess_mean == fve_topK_mean - fve_rand_mean   expected='identity'   actual=0.029353501016208986
  PASS   [M] 7b heldout axis L18 excess_mean == fve_topK_mean - fve_rand_mean   expected='identity'   actual=0.0365313353467028
  PASS   [M] 7b heldout axis L19 excess_mean == fve_topK_mean - fve_rand_mean   expected='identity'   actual=0.044262174097764916
  PASS   [M] 7b heldout axis L20 excess_mean == fve_topK_mean - fve_rand_mean   expected='identity'   actual=0.049633141990291715
  PASS   [M] 7b heldout axis L21 excess_mean == fve_topK_mean - fve_rand_mean   expected='identity'   actual=0.05264155864282935
  PASS   [M] 7b heldout axis L22 excess_mean == fve_topK_mean - fve_rand_mean   expected='identity'   actual=0.05674110233110753
  PASS   [M] 7b heldout axis L23 excess_mean == fve_topK_mean - fve_rand_mean   expected='identity'   actual=0.05882507752820257
  PASS   [M] 7b heldout axis L24 excess_mean == fve_topK_mean - fve_rand_mean   expected='identity'   actual=0.05498358997496725
  PASS   [M] 7b heldout axis L25 excess_mean == fve_topK_mean - fve_rand_mean   expected='identity'   actual=0.055832873758118795
  PASS   [M] 7b heldout axis L26 excess_mean == fve_topK_mean - fve_rand_mean   expected='identity'   actual=0.05167054471798592
  PASS   [M] 7b heldout axis K_median_occ in [23,25] all layers   expected='[23,25]'   actual='[23,24]'
  PASS   [M] 1.5B chat L18 auto jlens-logitlens gap (nats)   expected=5.016859   actual=5.0169
  PASS   [M] 1.5B chat L18 auto jlens-logitlens positive items   expected=7   actual=7
  PASS   [M] 1.5B chat L18 auto jlens-logitlens perm-p == 0.015625   expected=0.015625   actual=0.015625
  PASS   [M] 1.5B chat L18 auto jlens-random gap (nats)   expected=4.869341   actual=4.8693
  PASS   [M] 1.5B chat L18 auto jlens-random positive items   expected=7   actual=7
  PASS   [M] 1.5B chat L18 auto jlens-random perm-p == 0.015625   expected=0.015625   actual=0.015625
  PASS   [M] 7B chat L19 auto jlens-logitlens gap (nats)   expected=1.896514   actual=1.8965
  PASS   [M] 7B chat L19 auto jlens-logitlens positive items   expected=15   actual=15
  PASS   [M] 7B chat L19 auto jlens-logitlens perm-p == 9.2e-05   expected=9.2e-05   actual=9.1552734375e-05
  PASS   [M] 7B chat L19 auto jlens-random gap (nats)   expected=2.092716   actual=2.0927
  PASS   [M] 7B chat L19 auto jlens-random positive items   expected=15   actual=15
  PASS   [M] 7B chat L19 auto jlens-random perm-p == 6.1e-05   expected=6.1e-05   actual=6.103515625e-05
  PASS   [M] 7B chat L19 mixed jlens-logitlens gap (nats)   expected=1.071866   actual=1.0719
  PASS   [M] 7B chat L19 mixed jlens-logitlens positive items   expected=20   actual=20
  PASS   [M] 7B chat L19 mixed jlens-logitlens perm-p == 0.000405   expected=0.000405   actual=0.0004049979750101249
  PASS   [M] 7B chat L19 mixed jlens-random gap (nats)   expected=1.210485   actual=1.2105
  PASS   [M] 7B chat L19 mixed jlens-random positive items   expected=23   actual=23
  PASS   [M] 7B chat L19 mixed jlens-random perm-p == 1e-05   expected=1e-05   actual=9.999950000249999e-06
  PASS   [M] 1.5B chat 6c jlens@2 top5_all rate   expected=0.6282   actual=0.6282
  PASS   [M] 1.5B chat 6c jlens vs random discordants == 39/1   expected=(39, 1)   actual=(39, 1)
  PASS   [M] 1.5B chat 6c jlens vs random McNemar-p ~= 7.458e-11   expected=7.4579e-11   actual=7.457856554538012e-11
  PASS   [M] 1.5B chat 6c jspace_comp@2 top5_all rate   expected=0.1795   actual=0.1795
  PASS   [M] 1.5B chat 6c jspace_comp vs random discordants == 4/1   expected=(4, 1)   actual=(4, 1)
  PASS   [M] 1.5B chat 6c jspace_comp vs random McNemar-p   expected=0.375   actual=0.375
  PASS   [M] 7B chat 6c jlens@2 top5_all rate   expected=0.2692   actual=0.2692
  PASS   [M] 7B chat 6c jlens vs random discordants == 9/0   expected=(9, 0)   actual=(9, 0)
  PASS   [M] 7B chat 6c jlens vs random McNemar-p   expected=0.003906   actual=0.0039
  PASS   [M] 7B chat 6c jspace_comp@2 top5_all rate   expected=0.1538   actual=0.1538
  PASS   [M] 7B chat 6c jspace_comp vs random discordants == 0/0   expected=(0, 0)   actual=(0, 0)
  PASS   [M] 7B chat 6c jspace_comp vs random McNemar-p   expected=1.0   actual=1.0
  PASS   [M] 7B chat 6c logitlens@2 top5_all rate   expected=0.2436   actual=0.2436
  PASS   [M] 7B chat 6c logitlens vs random discordants == 7/0   expected=(7, 0)   actual=(7, 0)
  PASS   [M] 7B chat 6c logitlens vs random McNemar-p   expected=0.015625   actual=0.0156
  PASS   [M] norm-bias: 1.5B W_U is tied   expected=True   actual=True
  PASS   [M] norm-bias L0 selected-atom norm-pctile median   expected=69.508   actual=69.5076
  PASS   [M] norm-bias L0 frac selected > p90 norm   expected=0.3022   actual=0.3022
  PASS   [M] norm-bias L18 selected-atom norm-pctile median   expected=49.77   actual=49.7696
  PASS   [M] norm-bias L18 frac selected > p90 norm   expected=0.117   actual=0.117
  PASS   [M] norm-bias L21 selected-atom norm-pctile median   expected=46.991   actual=46.9915
  PASS   [M] norm-bias L21 frac selected > p90 norm   expected=0.1022   actual=0.1022
  PASS   [M] norm-bias: workspace band neutral (L18/L21 median in [40,60]), early band biased (L0 > 60)   expected='band split'   actual=(69.5, 49.8, 47.0)
  PASS   [M] norm-bias 7B: W_U untied   expected=False   actual=False
  PASS   [M] norm-bias 7B L0 selected-atom norm-pctile median   expected=66.794   actual=66.7936
  PASS   [M] norm-bias 7B L0 frac selected > p90 norm   expected=0.0774   actual=0.0774
  PASS   [M] norm-bias 7B L19 selected-atom norm-pctile median   expected=46.464   actual=46.464
  PASS   [M] norm-bias 7B L19 frac selected > p90 norm   expected=0.0322   actual=0.0322
  PASS   [M] norm-bias 7B L26 selected-atom norm-pctile median   expected=27.969   actual=27.9691
  PASS   [M] norm-bias 7B L26 frac selected > p90 norm   expected=0.0411   actual=0.0411
  PASS   [M] norm-bias 7B: band split generalizes (L19 in [40,60], L0 > 60, L26 < 40)   expected='band split'   actual=(66.8, 46.5, 28.0)

================================================================================
CHECK N: coverage supplements (k-sweep, occupancy, kurtosis, deltas)
================================================================================
  PASS   [N.a] 1.5b L21 mean_varfrac k=5   expected=0.063   actual=0.0632
  PASS   [N.a] 1.5b L21 mean_varfrac k=10   expected=0.086   actual=0.0862
  PASS   [N.a] 1.5b L21 mean_varfrac k=25   expected=0.124   actual=0.1237
  PASS   [N.a] 1.5b L21 mean_varfrac k=50   expected=0.152   actual=0.1522
  PASS   [N.a] 1.5b L21 varfrac monotone increasing in k   expected='strictly increasing'   actual=[0.0632, 0.0862, 0.1237, 0.1522]
  PASS   [N.a] 1.5b L21 breaches 10% ceiling only at k>=25   expected='k=5,10 under 0.10; k=25,50 over'   actual=[0.0632, 0.0862, 0.1237, 0.1522]
  PASS   [N.b] 1.5b active_tau == 1e-3   expected=0.001   actual=0.001
  PASS   [N.b] 1.5b median_active(k=25) min   expected=24   actual=24
  PASS   [N.b] 1.5b median_active(k=25) max   expected=25   actual=25
  PASS   [N.b] 1.5b median_active(k=25) in [23,25] at every layer   expected='all in [23,25]'   actual='[24,25]'
  PASS   [N.b] 7b active_tau == 1e-3   expected=0.001   actual=0.001
  PASS   [N.b] 7b median_active(k=25) min   expected=23   actual=23
  PASS   [N.b] 7b median_active(k=25) max   expected=24   actual=24
  PASS   [N.b] 7b median_active(k=25) in [23,25] at every layer   expected='all in [23,25]'   actual='[23,24]'
  PASS   [N.c] 1.5b readout_prob_kurtosis @ L0   expected=128000.0   actual=127970.6397
  PASS   [N.c] 1.5b readout_prob_kurtosis trough layer   expected=18   actual=18
  PASS   [N.c] 1.5b readout_prob_kurtosis trough value   expected=83480.0   actual=83482.8458
  PASS   [N.c] 1.5b readout_prob_kurtosis rebounds after the trough   expected='L26 > trough'   actual=(99242.8, 83482.8)
  PASS   [N.d] 1.5b late-band kurtosis min   expected=1.348   actual=1.3484
  PASS   [N.d] 1.5b late-band kurtosis max   expected=1.845   actual=1.845
  PASS   [N.d] 7b late-band kurtosis min   expected=0.951   actual=0.9506
  PASS   [N.d] 7b late-band kurtosis max   expected=1.066   actual=1.0655
  PASS   [N.e] 7b fragment rate, plain   expected=0.308   actual=0.3077
  PASS   [N.e] 7b fragment rate, chat   expected=0.192   actual=0.1923
  PASS   [N.e] 7b chat rerun LOWERED the fragment rate   expected='chat < plain'   actual=(0.308, 0.192)
  PASS   [N.e] 7b predicts-report rate, plain   expected=0.154   actual=0.1538
  PASS   [N.e] 7b predicts-report rate, chat   expected=0.269   actual=0.2692
  PASS   [N.e] 7b chat rerun RAISED predicts-report retention   expected='chat > plain'   actual=(0.154, 0.269)
  PASS   [N.e] 7b plain predicts rate summary==re-derived   expected=0.15384615384615385   actual=0.1538
  PASS   [N.e] 7b chat predicts rate summary==re-derived   expected=0.2692307692307692   actual=0.2692
  PASS   [M] MANIFEST total files == 53   expected=53   actual=53
  PASS   [M] MANIFEST derived files == 44 (README census)   expected=44   actual=44
  PASS   [M] MANIFEST derived bytes ~= 55 MB (README census)   expected='~55 MB'   actual='54.75 MB'
  PASS   [M] metric-correction artifacts == 10 (README census)   expected=10   actual=10

================================================================================
SUMMARY:  986 PASS  |  4 FAIL
================================================================================

FAILED CLAIMS:
  - artifact present: jlens_qwen2.5-1.5b_nf4_n500.pt: expected 'present', got 'MISSING'
  - sidecar present: jlens_qwen2.5-1.5b_nf4_n500.config.json: expected 'present', got 'MISSING'
  - artifact present: jlens_qwen2.5-1.5b_nf4_n100.pt: expected 'present', got 'MISSING'
  - sidecar present: jlens_qwen2.5-1.5b_nf4_n100.config.json: expected 'present', got 'MISSING'
